[{"model": "royalty_app.region", "pk": 1, "fields": {"region": "NA"}}, {"model": "royalty_app.region", "pk": 2, "fields": {"region": "EMEA"}}, {"model": "royalty_app.region", "pk": 3, "fields": {"region": "APAC"}}, {"model": "royalty_app.region", "pk": 4, "fields": {"region": "LATAM"}}, {"model": "royalty_app.region", "pk": 5, "fields": {"region": "Other"}}, {"model": "royalty_app.country", "pk": "AFG", "fields": {"country": "Afghanistan", "country_region": 3}}, {"model": "royalty_app.country", "pk": "ARE", "fields": {"country": "United Arab Emirates", "country_region": 2}}, {"model": "royalty_app.country", "pk": "ARG", "fields": {"country": "Argentina", "country_region": 4}}, {"model": "royalty_app.country", "pk": "ARM", "fields": {"country": "Armenia", "country_region": 2}}, {"model": "royalty_app.country", "pk": "AUS", "fields": {"country": "Australia", "country_region": 3}}, {"model": "royalty_app.country", "pk": "AUT", "fields": {"country": "Austria", "country_region": 2}}, {"model": "royalty_app.country", "pk": "AZE", "fields": {"country": "Azerbaijan", "country_region": 2}}, {"model": "royalty_app.country", "pk": "BEL", "fields": {"country": "Belgium & Luxembourg", "country_region": 2}}, {"model": "royalty_app.country", "pk": "BGR", "fields": {"country": "Bulgaria", "country_region": 2}}, {"model": "royalty_app.country", "pk": "BHR", "fields": {"country": "Bahrain", "country_region": 2}}, {"model": "royalty_app.country", "pk": "BLR", "fields": {"country": "Belarus", "country_region": 2}}, {"model": "royalty_app.country", "pk": "BRA", "fields": {"country": "Brazil", "country_region": 4}}, {"model": "royalty_app.country", "pk": "CADR", "fields": {"country": "Central America Dominican Republic", "country_region": 3}}, {"model": "royalty_app.country", "pk": "CAN", "fields": {"country": "Canada", "country_region": 1}}, {"model": "royalty_app.country", "pk": "CAR", "fields": {"country": "Caribbean", "country_region": 4}}, {"model": "royalty_app.country", "pk": "CEA", "fields": {"country": "Central Africa", "country_region": 2}}, {"model": "royalty_app.country", "pk": "CHE", "fields": {"country": "Switzerland", "country_region": 2}}, {"model": "royalty_app.country", "pk": "CHL", "fields": {"country": "Chile & Bolivia", "country_region": 4}}, {"model": "royalty_app.country", "pk": "CHN", "fields": {"country": "China", "country_region": 3}}, {"model": "royalty_app.country", "pk": "COL", "fields": {"country": "Colombia", "country_region": 4}}, {"model": "royalty_app.country", "pk": "CYP", "fields": {"country": "Cyprus", "country_region": 2}}, {"model": "royalty_app.country", "pk": "CZE", "fields": {"country": "Czech Republic", "country_region": 2}}, {"model": "royalty_app.country", "pk": "DEU", "fields": {"country": "Germany", "country_region": 2}}, {"model": "royalty_app.country", "pk": "DNK", "fields": {"country": "Denmark", "country_region": 2}}, {"model": "royalty_app.country", "pk": "DZA", "fields": {"country": "Algeria", "country_region": 2}}, {"model": "royalty_app.country", "pk": "ECU", "fields": {"country": "Ecuador", "country_region": 4}}, {"model": "royalty_app.country", "pk": "EGY", "fields": {"country": "Egypt", "country_region": 2}}, {"model": "royalty_app.country", "pk": "ESP", "fields": {"country": "Spain", "country_region": 2}}, {"model": "royalty_app.country", "pk": "FIN", "fields": {"country": "Finland", "country_region": 2}}, {"model": "royalty_app.country", "pk": "FRA", "fields": {"country": "France", "country_region": 2}}, {"model": "royalty_app.country", "pk": "GBR", "fields": {"country": "United Kingdom", "country_region": 2}}, {"model": "royalty_app.country", "pk": "GEO", "fields": {"country": "Georgia", "country_region": 2}}, {"model": "royalty_app.country", "pk": "GRC", "fields": {"country": "Greece", "country_region": 2}}, {"model": "royalty_app.country", "pk": "HKG", "fields": {"country": "Hong Kong & Macau", "country_region": 3}}, {"model": "royalty_app.country", "pk": "HRV", "fields": {"country": "Croatia", "country_region": 2}}, {"model": "royalty_app.country", "pk": "HUN", "fields": {"country": "Hungary", "country_region": 2}}, {"model": "royalty_app.country", "pk": "IDN", "fields": {"country": "Indonesia", "country_region": 3}}, {"model": "royalty_app.country", "pk": "IND", "fields": {"country": "India & Sri Lanka", "country_region": 3}}, {"model": "royalty_app.country", "pk": "IRL", "fields": {"country": "Ireland", "country_region": 2}}, {"model": "royalty_app.country", "pk": "IRN", "fields": {"country": "Iran", "country_region": 2}}, {"model": "royalty_app.country", "pk": "IRQ", "fields": {"country": "Iraq", "country_region": 2}}, {"model": "royalty_app.country", "pk": "ISR", "fields": {"country": "Israel", "country_region": 2}}, {"model": "royalty_app.country", "pk": "ITA", "fields": {"country": "Italy", "country_region": 2}}, {"model": "royalty_app.country", "pk": "JOR", "fields": {"country": "Jordan", "country_region": 2}}, {"model": "royalty_app.country", "pk": "JPN", "fields": {"country": "Japan", "country_region": 3}}, {"model": "royalty_app.country", "pk": "KAZ", "fields": {"country": "Kazakstan", "country_region": 3}}, {"model": "royalty_app.country", "pk": "KGZ", "fields": {"country": "Kyrgyzstan", "country_region": 3}}, {"model": "royalty_app.country", "pk": "KHM", "fields": {"country": "Cambodia", "country_region": 3}}, {"model": "royalty_app.country", "pk": "KOR", "fields": {"country": "Korea", "country_region": 3}}, {"model": "royalty_app.country", "pk": "KWT", "fields": {"country": "Kuwait", "country_region": 2}}, {"model": "royalty_app.country", "pk": "LBN", "fields": {"country": "Lebanon", "country_region": 2}}, {"model": "royalty_app.country", "pk": "LBY", "fields": {"country": "Libya", "country_region": 2}}, {"model": "royalty_app.country", "pk": "MAR", "fields": {"country": "Morocco", "country_region": 2}}, {"model": "royalty_app.country", "pk": "MDA", "fields": {"country": "Moldova", "country_region": 2}}, {"model": "royalty_app.country", "pk": "MEX", "fields": {"country": "Mexico", "country_region": 4}}, {"model": "royalty_app.country", "pk": "MKD", "fields": {"country": "Macedonia", "country_region": 2}}, {"model": "royalty_app.country", "pk": "MLT", "fields": {"country": "Malta", "country_region": 2}}, {"model": "royalty_app.country", "pk": "MUS", "fields": {"country": "Mauritius", "country_region": 2}}, {"model": "royalty_app.country", "pk": "MYS", "fields": {"country": "Malaysia", "country_region": 3}}, {"model": "royalty_app.country", "pk": "NLD", "fields": {"country": "Netherlands", "country_region": 2}}, {"model": "royalty_app.country", "pk": "NOR", "fields": {"country": "Norway", "country_region": 2}}, {"model": "royalty_app.country", "pk": "NZL", "fields": {"country": "New Zealand", "country_region": 3}}, {"model": "royalty_app.country", "pk": "OMN", "fields": {"country": "Oman", "country_region": 2}}, {"model": "royalty_app.country", "pk": "PAK", "fields": {"country": "Pakistan", "country_region": 3}}, {"model": "royalty_app.country", "pk": "PER", "fields": {"country": "Peru", "country_region": 4}}, {"model": "royalty_app.country", "pk": "PHL", "fields": {"country": "Philippines", "country_region": 3}}, {"model": "royalty_app.country", "pk": "POL", "fields": {"country": "Poland", "country_region": 2}}, {"model": "royalty_app.country", "pk": "PRT", "fields": {"country": "Portugal", "country_region": 2}}, {"model": "royalty_app.country", "pk": "QAT", "fields": {"country": "Qatar", "country_region": 2}}, {"model": "royalty_app.country", "pk": "REU", "fields": {"country": "Romania", "country_region": 2}}, {"model": "royalty_app.country", "pk": "RUS", "fields": {"country": "Russian Federation", "country_region": 2}}, {"model": "royalty_app.country", "pk": "SAU", "fields": {"country": "Saudi Arabia", "country_region": 2}}, {"model": "royalty_app.country", "pk": "SDN", "fields": {"country": "Sudan", "country_region": 2}}, {"model": "royalty_app.country", "pk": "SGP", "fields": {"country": "Singapore", "country_region": 3}}, {"model": "royalty_app.country", "pk": "SRB", "fields": {"country": "Serbia & Montenegro", "country_region": 2}}, {"model": "royalty_app.country", "pk": "SVK", "fields": {"country": "Slovakia", "country_region": 2}}, {"model": "royalty_app.country", "pk": "SVN", "fields": {"country": "Slovenia", "country_region": 2}}, {"model": "royalty_app.country", "pk": "SWE", "fields": {"country": "Sweden", "country_region": 2}}, {"model": "royalty_app.country", "pk": "THA", "fields": {"country": "Thailand", "country_region": 3}}, {"model": "royalty_app.country", "pk": "TUN", "fields": {"country": "Tunisia", "country_region": 2}}, {"model": "royalty_app.country", "pk": "TUR", "fields": {"country": "Turkey", "country_region": 2}}, {"model": "royalty_app.country", "pk": "TWN", "fields": {"country": "Taiwan", "country_region": 3}}, {"model": "royalty_app.country", "pk": "UKR", "fields": {"country": "Ukraine", "country_region": 2}}, {"model": "royalty_app.country", "pk": "USA", "fields": {"country": "USA", "country_region": 1}}, {"model": "royalty_app.country", "pk": "VEN", "fields": {"country": "Venezuela", "country_region": 4}}, {"model": "royalty_app.country", "pk": "VNM", "fields": {"country": "Vietnam", "country_region": 3}}, {"model": "royalty_app.country", "pk": "WAF", "fields": {"country": "West Africa", "country_region": 2}}, {"model": "royalty_app.country", "pk": "XX9", "fields": {"country": "Dom Tom", "country_region": 2}}, {"model": "royalty_app.country", "pk": "XY5", "fields": {"country": "Estonia & Lithuania & Latvia", "country_region": 2}}, {"model": "royalty_app.country", "pk": "XYEM", "fields": {"country": "Yemen Spirig", "country_region": 2}}, {"model": "royalty_app.country", "pk": "ZAF", "fields": {"country": "South Africa", "country_region": 2}}, {"model": "royalty_app.payment_type", "pk": 1, "fields": {"payment_type": "Payment Run"}}, {"model": "royalty_app.payment_type", "pk": 2, "fields": {"payment_type": "Manual Payment"}}, {"model": "royalty_app.partner", "pk": 70, "fields": {"partner_name": "SPARK THERAPEUTICS", "partner_m3_code": "P000001", "partner_country": "USA", "partner_bank_account": "US43843221", "partner_payment_type": 2, "ico_3rd": "3rd"}}, {"model": "royalty_app.partner", "pk": 71, "fields": {"partner_name": "Pliant Therapeutics", "partner_m3_code": "P000002", "partner_country": "USA", "partner_bank_account": "US0123-1231-1202", "partner_payment_type": 1, "ico_3rd": "3rd"}}, {"model": "royalty_app.partner", "pk": 72, "fields": {"partner_name": "Magenta Therapeutics", "partner_m3_code": "P000003", "partner_country": "USA", "partner_bank_account": "US123-567-2020", "partner_payment_type": 1, "ico_3rd": "3rd"}}, {"model": "royalty_app.partner", "pk": 73, "fields": {"partner_name": "GlaxoSmithKline", "partner_m3_code": "P000004", "partner_country": "GBR", "partner_bank_account": "UIK-1232-320202-20", "partner_payment_type": 1, "ico_3rd": "3rd"}}, {"model": "royalty_app.partner", "pk": 74, "fields": {"partner_name": "Leo Constellation Limited", "partner_m3_code": "P000005", "partner_country": "GBR", "partner_bank_account": "UK-123-20202-20002", "partner_payment_type": 1, "ico_3rd": "3rd"}}, {"model": "royalty_app.partner", "pk": 75, "fields": {"partner_name": "Retrophin", "partner_m3_code": "P000006", "partner_country": "USA", "partner_bank_account": "US-1213-5667-65656", "partner_payment_type": 2, "ico_3rd": "3rd"}}, {"model": "royalty_app.partner", "pk": 76, "fields": {"partner_name": "Travere", "partner_m3_code": "P000007", "partner_country": "USA", "partner_bank_account": "US2344-56554-342346-556446", "partner_payment_type": 1, "ico_3rd": "3rd"}}, {"model": "royalty_app.partner", "pk": 77, "fields": {"partner_name": "XOMA", "partner_m3_code": "P000008", "partner_country": "USA", "partner_bank_account": "US196584-2995-399949-33", "partner_payment_type": 1, "ico_3rd": "3rd"}}, {"model": "royalty_app.accounting", "pk": 1, "fields": {"transaction_direction": "REC", "dim1": "15000000", "dim2": "", "dim4": "", "pl_bs": "BS", "d_c_if_amount_positiv": "D"}}, {"model": "royalty_app.accounting", "pk": 2, "fields": {"transaction_direction": "REC", "dim1": "32000000", "dim2": "O0000000", "dim4": "ERP_CHE", "pl_bs": "PL", "d_c_if_amount_positiv": "C"}}, {"model": "royalty_app.accounting", "pk": 3, "fields": {"transaction_direction": "PAY", "dim1": "24000000", "dim2": "", "dim4": "", "pl_bs": "BS", "d_c_if_amount_positiv": "C"}}, {"model": "royalty_app.accounting", "pk": 4, "fields": {"transaction_direction": "PAY", "dim1": "45000000", "dim2": "C0000000", "dim4": "ERP_CHE", "pl_bs": "PL", "d_c_if_amount_positiv": "D"}}, {"model": "royalty_app.brand", "pk": 25, "fields": {"m3_brand_code": "B000001", "brand_name": "Luxturna-test"}}, {"model": "royalty_app.brand", "pk": 26, "fields": {"m3_brand_code": "B000002", "brand_name": "NASH"}}, {"model": "royalty_app.brand", "pk": 27, "fields": {"m3_brand_code": "B000003", "brand_name": "MGTA-456"}}, {"model": "royalty_app.brand", "pk": 28, "fields": {"m3_brand_code": "B000004", "brand_name": "Formigran-test"}}, {"model": "royalty_app.brand", "pk": 29, "fields": {"m3_brand_code": "B000005", "brand_name": "Syntocinon-test"}}, {"model": "royalty_app.brand", "pk": 30, "fields": {"m3_brand_code": "B000006", "brand_name": "IL-1 beta intellectual"}}, {"model": "royalty_app.brand", "pk": 31, "fields": {"m3_brand_code": "B000007", "brand_name": "Gevokizumab"}}, {"model": "royalty_app.formulation", "pk": "F000001", "fields": {"formula_name": "voretigene neparvovec-rzyl"}}, {"model": "royalty_app.formulation", "pk": "F000002", "fields": {"formula_name": "non-alcoholic steatohepatitis"}}, {"model": "royalty_app.formulation", "pk": "F000003", "fields": {"formula_name": "cord blood Modified HSCs"}}, {"model": "royalty_app.formulation", "pk": "F000004", "fields": {"formula_name": "cord blood derived non-Gene-Edited"}}, {"model": "royalty_app.formulation", "pk": "F000005", "fields": {"formula_name": "Formigran-123g"}}, {"model": "royalty_app.formulation", "pk": "F000006", "fields": {"formula_name": "Panadol Cold- 50mg"}}, {"model": "royalty_app.formulation", "pk": "F000007", "fields": {"formula_name": "oxytocin-based product 1"}}, {"model": "royalty_app.formulation", "pk": "F000008", "fields": {"formula_name": "oxytocin-based product 2"}}, {"model": "royalty_app.formulation", "pk": "F000009", "fields": {"formula_name": "Corp.'s anti-IL-1 beta monoclonal antibody gevokizumab"}}, {"model": "royalty_app.formulation", "pk": "F000010", "fields": {"formula_name": "IL-1 beta intellectual"}}, {"model": "royalty_app.currency", "pk": "AED", "fields": {}}, {"model": "royalty_app.currency", "pk": "ARS", "fields": {}}, {"model": "royalty_app.currency", "pk": "AUD", "fields": {}}, {"model": "royalty_app.currency", "pk": "BAM", "fields": {}}, {"model": "royalty_app.currency", "pk": "BGN", "fields": {}}, {"model": "royalty_app.currency", "pk": "BHD", "fields": {}}, {"model": "royalty_app.currency", "pk": "BRL", "fields": {}}, {"model": "royalty_app.currency", "pk": "BSD", "fields": {}}, {"model": "royalty_app.currency", "pk": "BWP", "fields": {}}, {"model": "royalty_app.currency", "pk": "BZD", "fields": {}}, {"model": "royalty_app.currency", "pk": "CAD", "fields": {}}, {"model": "royalty_app.currency", "pk": "CHF", "fields": {}}, {"model": "royalty_app.currency", "pk": "CLP", "fields": {}}, {"model": "royalty_app.currency", "pk": "CNY", "fields": {}}, {"model": "royalty_app.currency", "pk": "COP", "fields": {}}, {"model": "royalty_app.currency", "pk": "CZK", "fields": {}}, {"model": "royalty_app.currency", "pk": "DKK", "fields": {}}, {"model": "royalty_app.currency", "pk": "DOP", "fields": {}}, {"model": "royalty_app.currency", "pk": "DZD", "fields": {}}, {"model": "royalty_app.currency", "pk": "EGP", "fields": {}}, {"model": "royalty_app.currency", "pk": "EUR", "fields": {}}, {"model": "royalty_app.currency", "pk": "GBP", "fields": {}}, {"model": "royalty_app.currency", "pk": "GHS", "fields": {}}, {"model": "royalty_app.currency", "pk": "GTQ", "fields": {}}, {"model": "royalty_app.currency", "pk": "HKD", "fields": {}}, {"model": "royalty_app.currency", "pk": "HRK", "fields": {}}, {"model": "royalty_app.currency", "pk": "HUF", "fields": {}}, {"model": "royalty_app.currency", "pk": "IDR", "fields": {}}, {"model": "royalty_app.currency", "pk": "ILS", "fields": {}}, {"model": "royalty_app.currency", "pk": "INR", "fields": {}}, {"model": "royalty_app.currency", "pk": "IRR", "fields": {}}, {"model": "royalty_app.currency", "pk": "ISK", "fields": {}}, {"model": "royalty_app.currency", "pk": "JOD", "fields": {}}, {"model": "royalty_app.currency", "pk": "JPY", "fields": {}}, {"model": "royalty_app.currency", "pk": "KES", "fields": {}}, {"model": "royalty_app.currency", "pk": "KRW", "fields": {}}, {"model": "royalty_app.currency", "pk": "KWD", "fields": {}}, {"model": "royalty_app.currency", "pk": "KZT", "fields": {}}, {"model": "royalty_app.currency", "pk": "LBP", "fields": {}}, {"model": "royalty_app.currency", "pk": "LKR", "fields": {}}, {"model": "royalty_app.currency", "pk": "LTL", "fields": {}}, {"model": "royalty_app.currency", "pk": "MAD", "fields": {}}, {"model": "royalty_app.currency", "pk": "MKD", "fields": {}}, {"model": "royalty_app.currency", "pk": "MOP", "fields": {}}, {"model": "royalty_app.currency", "pk": "MUR", "fields": {}}, {"model": "royalty_app.currency", "pk": "MXN", "fields": {}}, {"model": "royalty_app.currency", "pk": "MYR", "fields": {}}, {"model": "royalty_app.currency", "pk": "NGN", "fields": {}}, {"model": "royalty_app.currency", "pk": "NOK", "fields": {}}, {"model": "royalty_app.currency", "pk": "NZD", "fields": {}}, {"model": "royalty_app.currency", "pk": "OMR", "fields": {}}, {"model": "royalty_app.currency", "pk": "PEN", "fields": {}}, {"model": "royalty_app.currency", "pk": "PHP", "fields": {}}, {"model": "royalty_app.currency", "pk": "PKR", "fields": {}}, {"model": "royalty_app.currency", "pk": "PLN", "fields": {}}, {"model": "royalty_app.currency", "pk": "PYG", "fields": {}}, {"model": "royalty_app.currency", "pk": "QAR", "fields": {}}, {"model": "royalty_app.currency", "pk": "RON", "fields": {}}, {"model": "royalty_app.currency", "pk": "RSD", "fields": {}}, {"model": "royalty_app.currency", "pk": "RUB", "fields": {}}, {"model": "royalty_app.currency", "pk": "SAR", "fields": {}}, {"model": "royalty_app.currency", "pk": "SCR", "fields": {}}, {"model": "royalty_app.currency", "pk": "SEK", "fields": {}}, {"model": "royalty_app.currency", "pk": "SGD", "fields": {}}, {"model": "royalty_app.currency", "pk": "SYP", "fields": {}}, {"model": "royalty_app.currency", "pk": "THB", "fields": {}}, {"model": "royalty_app.currency", "pk": "TND", "fields": {}}, {"model": "royalty_app.currency", "pk": "TRY", "fields": {}}, {"model": "royalty_app.currency", "pk": "TWD", "fields": {}}, {"model": "royalty_app.currency", "pk": "TZS", "fields": {}}, {"model": "royalty_app.currency", "pk": "UAH", "fields": {}}, {"model": "royalty_app.currency", "pk": "UGX", "fields": {}}, {"model": "royalty_app.currency", "pk": "USD", "fields": {}}, {"model": "royalty_app.currency", "pk": "UYU", "fields": {}}, {"model": "royalty_app.currency", "pk": "VEF", "fields": {}}, {"model": "royalty_app.currency", "pk": "VES", "fields": {}}, {"model": "royalty_app.currency", "pk": "VND", "fields": {}}, {"model": "royalty_app.currency", "pk": "XCD", "fields": {}}, {"model": "royalty_app.currency", "pk": "XPF", "fields": {}}, {"model": "royalty_app.currency", "pk": "ZAR", "fields": {}}, {"model": "royalty_app.currency", "pk": "ZMW", "fields": {}}, {"model": "royalty_app.currency", "pk": "ZWD", "fields": {}}, {"model": "royalty_app.division", "pk": "DIV_1", "fields": {"division_name": "Nova Holding", "division_country": "CHE"}}, {"model": "royalty_app.division", "pk": "DIV_2", "fields": {"division_name": "Nova Int.", "division_country": "CHE"}}, {"model": "royalty_app.tax", "pk": 50, "fields": {"country_from": "CHE", "country_to": "FRA", "wht_rate": "0.00"}}, {"model": "royalty_app.tax", "pk": 51, "fields": {"country_from": "CHE", "country_to": "NOR", "wht_rate": "0.00"}}, {"model": "royalty_app.tax", "pk": 52, "fields": {"country_from": "CHE", "country_to": "USA", "wht_rate": "0.00"}}, {"model": "royalty_app.tax", "pk": 53, "fields": {"country_from": "FRA", "country_to": "CHE", "wht_rate": "5.00"}}, {"model": "royalty_app.tax", "pk": 54, "fields": {"country_from": "CHN", "country_to": "CHE", "wht_rate": "9.00"}}, {"model": "royalty_app.tax", "pk": 55, "fields": {"country_from": "IND", "country_to": "CHE", "wht_rate": "10.00"}}, {"model": "royalty_app.tax", "pk": 56, "fields": {"country_from": "PHL", "country_to": "CHE", "wht_rate": "15.00"}}, {"model": "royalty_app.tax", "pk": 57, "fields": {"country_from": "DEU", "country_to": "CHE", "wht_rate": "0.00"}}, {"model": "royalty_app.tax", "pk": 58, "fields": {"country_from": "ZAF", "country_to": "CHE", "wht_rate": "0.00"}}, {"model": "royalty_app.periodicity", "pk": 1, "fields": {"periodicity": "Quarterly"}}, {"model": "royalty_app.periodicity", "pk": 2, "fields": {"periodicity": "Monthly"}}, {"model": "royalty_app.periodicity", "pk": 3, "fields": {"periodicity": "Annually"}}, {"model": "royalty_app.periodicity", "pk": 4, "fields": {"periodicity": "Semi-annually"}}, {"model": "royalty_app.payment_structure", "pk": 1, "fields": {"sales_month": "1", "periodicity_cat": 1}}, {"model": "royalty_app.payment_structure", "pk": 2, "fields": {"sales_month": "2", "periodicity_cat": 1}}, {"model": "royalty_app.payment_structure", "pk": 3, "fields": {"sales_month": "3", "periodicity_cat": 1}}, {"model": "royalty_app.payment_structure", "pk": 4, "fields": {"sales_month": "4", "periodicity_cat": 2}}, {"model": "royalty_app.payment_structure", "pk": 5, "fields": {"sales_month": "5", "periodicity_cat": 2}}, {"model": "royalty_app.payment_structure", "pk": 6, "fields": {"sales_month": "6", "periodicity_cat": 2}}, {"model": "royalty_app.payment_structure", "pk": 7, "fields": {"sales_month": "7", "periodicity_cat": 3}}, {"model": "royalty_app.payment_structure", "pk": 8, "fields": {"sales_month": "8", "periodicity_cat": 3}}, {"model": "royalty_app.payment_structure", "pk": 9, "fields": {"sales_month": "9", "periodicity_cat": 3}}, {"model": "royalty_app.payment_structure", "pk": 10, "fields": {"sales_month": "10", "periodicity_cat": 4}}, {"model": "royalty_app.payment_structure", "pk": 11, "fields": {"sales_month": "11", "periodicity_cat": 4}}, {"model": "royalty_app.payment_structure", "pk": 12, "fields": {"sales_month": "12", "periodicity_cat": 4}}, {"model": "royalty_app.payment_structure", "pk": 13, "fields": {"sales_month": "1", "periodicity_cat": 5}}, {"model": "royalty_app.payment_structure", "pk": 14, "fields": {"sales_month": "2", "periodicity_cat": 6}}, {"model": "royalty_app.payment_structure", "pk": 15, "fields": {"sales_month": "3", "periodicity_cat": 7}}, {"model": "royalty_app.payment_structure", "pk": 16, "fields": {"sales_month": "4", "periodicity_cat": 8}}, {"model": "royalty_app.payment_structure", "pk": 17, "fields": {"sales_month": "5", "periodicity_cat": 9}}, {"model": "royalty_app.payment_structure", "pk": 18, "fields": {"sales_month": "6", "periodicity_cat": 10}}, {"model": "royalty_app.payment_structure", "pk": 19, "fields": {"sales_month": "7", "periodicity_cat": 11}}, {"model": "royalty_app.payment_structure", "pk": 20, "fields": {"sales_month": "8", "periodicity_cat": 12}}, {"model": "royalty_app.payment_structure", "pk": 21, "fields": {"sales_month": "9", "periodicity_cat": 13}}, {"model": "royalty_app.payment_structure", "pk": 22, "fields": {"sales_month": "10", "periodicity_cat": 14}}, {"model": "royalty_app.payment_structure", "pk": 23, "fields": {"sales_month": "11", "periodicity_cat": 15}}, {"model": "royalty_app.payment_structure", "pk": 24, "fields": {"sales_month": "12", "periodicity_cat": 16}}, {"model": "royalty_app.payment_structure", "pk": 25, "fields": {"sales_month": "1", "periodicity_cat": 17}}, {"model": "royalty_app.payment_structure", "pk": 26, "fields": {"sales_month": "2", "periodicity_cat": 17}}, {"model": "royalty_app.payment_structure", "pk": 27, "fields": {"sales_month": "3", "periodicity_cat": 17}}, {"model": "royalty_app.payment_structure", "pk": 28, "fields": {"sales_month": "4", "periodicity_cat": 17}}, {"model": "royalty_app.payment_structure", "pk": 29, "fields": {"sales_month": "5", "periodicity_cat": 17}}, {"model": "royalty_app.payment_structure", "pk": 30, "fields": {"sales_month": "6", "periodicity_cat": 17}}, {"model": "royalty_app.payment_structure", "pk": 31, "fields": {"sales_month": "7", "periodicity_cat": 17}}, {"model": "royalty_app.payment_structure", "pk": 32, "fields": {"sales_month": "8", "periodicity_cat": 17}}, {"model": "royalty_app.payment_structure", "pk": 33, "fields": {"sales_month": "9", "periodicity_cat": 17}}, {"model": "royalty_app.payment_structure", "pk": 34, "fields": {"sales_month": "10", "periodicity_cat": 17}}, {"model": "royalty_app.payment_structure", "pk": 35, "fields": {"sales_month": "11", "periodicity_cat": 17}}, {"model": "royalty_app.payment_structure", "pk": 36, "fields": {"sales_month": "12", "periodicity_cat": 17}}, {"model": "royalty_app.payment_structure", "pk": 37, "fields": {"sales_month": "1", "periodicity_cat": 18}}, {"model": "royalty_app.payment_structure", "pk": 38, "fields": {"sales_month": "2", "periodicity_cat": 18}}, {"model": "royalty_app.payment_structure", "pk": 39, "fields": {"sales_month": "3", "periodicity_cat": 18}}, {"model": "royalty_app.payment_structure", "pk": 40, "fields": {"sales_month": "4", "periodicity_cat": 18}}, {"model": "royalty_app.payment_structure", "pk": 41, "fields": {"sales_month": "5", "periodicity_cat": 18}}, {"model": "royalty_app.payment_structure", "pk": 42, "fields": {"sales_month": "6", "periodicity_cat": 18}}, {"model": "royalty_app.payment_structure", "pk": 43, "fields": {"sales_month": "7", "periodicity_cat": 19}}, {"model": "royalty_app.payment_structure", "pk": 44, "fields": {"sales_month": "8", "periodicity_cat": 19}}, {"model": "royalty_app.payment_structure", "pk": 45, "fields": {"sales_month": "9", "periodicity_cat": 19}}, {"model": "royalty_app.payment_structure", "pk": 46, "fields": {"sales_month": "10", "periodicity_cat": 19}}, {"model": "royalty_app.payment_structure", "pk": 47, "fields": {"sales_month": "11", "periodicity_cat": 19}}, {"model": "royalty_app.payment_structure", "pk": 48, "fields": {"sales_month": "12", "periodicity_cat": 19}}, {"model": "royalty_app.contract", "pk": 37, "fields": {"contract_name": "Luxturna-test USA", "transaction_direction": "PAY", "division": "DIV_1", "division_via": null, "contract_currency": "USD", "payment_periodicity": 1, "payment_terms": 30, "m3_brand": 25, "mini_gar_status": "YES", "minimum_guar_amount": 10000000, "minimum_guar_remaining_allocation_country": "USA"}}, {"model": "royalty_app.contract", "pk": 38, "fields": {"contract_name": "Pliant Cirrhosis", "transaction_direction": "PAY", "division": "DIV_1", "division_via": null, "contract_currency": "USD", "payment_periodicity": 1, "payment_terms": 60, "m3_brand": 26, "mini_gar_status": "NO", "minimum_guar_amount": null, "minimum_guar_remaining_allocation_country": null}}, {"model": "royalty_app.contract", "pk": 39, "fields": {"contract_name": "Margenta", "transaction_direction": "PAY", "division": "DIV_1", "division_via": null, "contract_currency": "USD", "payment_periodicity": 4, "payment_terms": 60, "m3_brand": 27, "mini_gar_status": "YES", "minimum_guar_amount": 1000000, "minimum_guar_remaining_allocation_country": "USA"}}, {"model": "royalty_app.contract", "pk": 40, "fields": {"contract_name": "GSK deal", "transaction_direction": "PAY", "division": "DIV_1", "division_via": null, "contract_currency": "GBP", "payment_periodicity": 3, "payment_terms": 120, "m3_brand": 28, "mini_gar_status": "NO", "minimum_guar_amount": null, "minimum_guar_remaining_allocation_country": null}}, {"model": "royalty_app.contract", "pk": 41, "fields": {"contract_name": "Syntocinon-traver", "transaction_direction": "PAY", "division": "DIV_1", "division_via": null, "contract_currency": "USD", "payment_periodicity": 1, "payment_terms": 120, "m3_brand": 29, "mini_gar_status": "NO", "minimum_guar_amount": null, "minimum_guar_remaining_allocation_country": null}}, {"model": "royalty_app.contract", "pk": 42, "fields": {"contract_name": "Xona deal", "transaction_direction": "PAY", "division": "DIV_1", "division_via": null, "contract_currency": "USD", "payment_periodicity": 3, "payment_terms": 60, "m3_brand": 31, "mini_gar_status": "YES", "minimum_guar_amount": 15000000, "minimum_guar_remaining_allocation_country": "USA"}}, {"model": "royalty_app.contract_file", "pk": 18, "fields": {"name": "Spark.pdf", "contract": 37, "upload": "Spark.pdf"}}, {"model": "royalty_app.contract_file", "pk": 19, "fields": {"name": "Pliant.pdf", "contract": 38, "upload": "Pliant.pdf"}}, {"model": "royalty_app.contract_file", "pk": 20, "fields": {"name": "margenta.pdf", "contract": 39, "upload": "margenta.pdf"}}, {"model": "royalty_app.contract_file", "pk": 21, "fields": {"name": "GSK.pdf", "contract": 40, "upload": "GSK.pdf"}}, {"model": "royalty_app.contract_file", "pk": 22, "fields": {"name": "LICENSE AGREEMENT between NOVARTIS PHARMA AG NOVARTIS AG and RETROPHIN... _ Law Insider.pdf", "contract": 41, "upload": "LICENSE_AGREEMENT_between_NOVARTIS_PHARMA_AG_NOVARTIS_AG_and_RETROPHIN...___Law_Insider.pdf"}}, {"model": "royalty_app.contract_file", "pk": 23, "fields": {"name": "Novartis AG (NYSE_NVS), (RTRX) - Retrophin Signs US License Agreement for Syntocinon Nasal Spray with Novartis _ Benzinga.pdf", "contract": 41, "upload": "Novartis_AG_NYSE_NVS_RTRX_-_Retrophin_Signs_US_License_Agreement_for_Syntocinon_Nasal_Sp_15fQpGa.pdf"}}, {"model": "royalty_app.contract_file", "pk": 24, "fields": {"name": "Xoma clears debt with Novartis licensing deal _ BioPharma Dive.pdf", "contract": 42, "upload": "Xoma_clears_debt_with_Novartis_licensing_deal___BioPharma_Dive.pdf"}}, {"model": "royalty_app.contract_file", "pk": 25, "fields": {"name": "XOMA Corp _ Business Contracts _ Justia.pdf", "contract": 42, "upload": "XOMA_Corp___Business_Contracts___Justia.pdf"}}]