[{"model": "royalty_app.payment_type", "pk": 1, "fields": {"payment_type": "Payment run"}}, {"model": "royalty_app.payment_type", "pk": 2, "fields": {"payment_type": "Manual Payment"}}, {"model": "royalty_app.month_table", "pk": 1, "fields": {"month_name": "January"}}, {"model": "royalty_app.month_table", "pk": 2, "fields": {"month_name": "February"}}, {"model": "royalty_app.month_table", "pk": 3, "fields": {"month_name": "March"}}, {"model": "royalty_app.month_table", "pk": 4, "fields": {"month_name": "April"}}, {"model": "royalty_app.month_table", "pk": 5, "fields": {"month_name": "May"}}, {"model": "royalty_app.month_table", "pk": 6, "fields": {"month_name": "June"}}, {"model": "royalty_app.month_table", "pk": 7, "fields": {"month_name": "July"}}, {"model": "royalty_app.month_table", "pk": 8, "fields": {"month_name": "August"}}, {"model": "royalty_app.month_table", "pk": 9, "fields": {"month_name": "September"}}, {"model": "royalty_app.month_table", "pk": 10, "fields": {"month_name": "October"}}, {"model": "royalty_app.month_table", "pk": 11, "fields": {"month_name": "November"}}, {"model": "royalty_app.month_table", "pk": 12, "fields": {"month_name": "December"}}, {"model": "royalty_app.periodicity", "pk": 1, "fields": {"periodicity": "Quarterly"}}, {"model": "royalty_app.periodicity", "pk": 2, "fields": {"periodicity": "Annually"}}, {"model": "royalty_app.periodicity", "pk": 3, "fields": {"periodicity": "Semi-annually"}}, {"model": "royalty_app.periodicity", "pk": 4, "fields": {"periodicity": "Monthly"}}, {"model": "royalty_app.periodicity_cat", "pk": 1, "fields": {"periodicity_cat": "Q1", "periodicity": 1, "period_month_end": 3}}, {"model": "royalty_app.periodicity_cat", "pk": 2, "fields": {"periodicity_cat": "Q2", "periodicity": 1, "period_month_end": 6}}, {"model": "royalty_app.periodicity_cat", "pk": 3, "fields": {"periodicity_cat": "Q3", "periodicity": 1, "period_month_end": 9}}, {"model": "royalty_app.periodicity_cat", "pk": 4, "fields": {"periodicity_cat": "Q4", "periodicity": 1, "period_month_end": 12}}, {"model": "royalty_app.periodicity_cat", "pk": 5, "fields": {"periodicity_cat": "S1", "periodicity": 3, "period_month_end": 6}}, {"model": "royalty_app.periodicity_cat", "pk": 6, "fields": {"periodicity_cat": "S2", "periodicity": 3, "period_month_end": 12}}, {"model": "royalty_app.periodicity_cat", "pk": 7, "fields": {"periodicity_cat": "Annually", "periodicity": 2, "period_month_end": 12}}, {"model": "royalty_app.periodicity_cat", "pk": 8, "fields": {"periodicity_cat": "January", "periodicity": 4, "period_month_end": 1}}, {"model": "royalty_app.periodicity_cat", "pk": 9, "fields": {"periodicity_cat": "February", "periodicity": 4, "period_month_end": 2}}, {"model": "royalty_app.periodicity_cat", "pk": 10, "fields": {"periodicity_cat": "March", "periodicity": 4, "period_month_end": 3}}, {"model": "royalty_app.periodicity_cat", "pk": 11, "fields": {"periodicity_cat": "April", "periodicity": 4, "period_month_end": 4}}, {"model": "royalty_app.periodicity_cat", "pk": 12, "fields": {"periodicity_cat": "May", "periodicity": 4, "period_month_end": 5}}, {"model": "royalty_app.periodicity_cat", "pk": 13, "fields": {"periodicity_cat": "June", "periodicity": 4, "period_month_end": 6}}, {"model": "royalty_app.periodicity_cat", "pk": 14, "fields": {"periodicity_cat": "July", "periodicity": 4, "period_month_end": 7}}, {"model": "royalty_app.periodicity_cat", "pk": 15, "fields": {"periodicity_cat": "August", "periodicity": 4, "period_month_end": 8}}, {"model": "royalty_app.periodicity_cat", "pk": 16, "fields": {"periodicity_cat": "September", "periodicity": 4, "period_month_end": 9}}, {"model": "royalty_app.periodicity_cat", "pk": 17, "fields": {"periodicity_cat": "October", "periodicity": 4, "period_month_end": 10}}, {"model": "royalty_app.periodicity_cat", "pk": 18, "fields": {"periodicity_cat": "November", "periodicity": 4, "period_month_end": 11}}, {"model": "royalty_app.periodicity_cat", "pk": 19, "fields": {"periodicity_cat": "December", "periodicity": 4, "period_month_end": 12}}, {"model": "royalty_app.payment_structure", "pk": 1, "fields": {"sales_month": 1, "periodicity_cat": 1}}, {"model": "royalty_app.payment_structure", "pk": 2, "fields": {"sales_month": 2, "periodicity_cat": 1}}, {"model": "royalty_app.payment_structure", "pk": 3, "fields": {"sales_month": 3, "periodicity_cat": 1}}, {"model": "royalty_app.payment_structure", "pk": 4, "fields": {"sales_month": 4, "periodicity_cat": 2}}, {"model": "royalty_app.payment_structure", "pk": 5, "fields": {"sales_month": 5, "periodicity_cat": 2}}, {"model": "royalty_app.payment_structure", "pk": 6, "fields": {"sales_month": 6, "periodicity_cat": 2}}, {"model": "royalty_app.payment_structure", "pk": 7, "fields": {"sales_month": 7, "periodicity_cat": 3}}, {"model": "royalty_app.payment_structure", "pk": 8, "fields": {"sales_month": 8, "periodicity_cat": 3}}, {"model": "royalty_app.payment_structure", "pk": 9, "fields": {"sales_month": 9, "periodicity_cat": 3}}, {"model": "royalty_app.payment_structure", "pk": 10, "fields": {"sales_month": 10, "periodicity_cat": 4}}, {"model": "royalty_app.payment_structure", "pk": 11, "fields": {"sales_month": 11, "periodicity_cat": 4}}, {"model": "royalty_app.payment_structure", "pk": 12, "fields": {"sales_month": 12, "periodicity_cat": 4}}, {"model": "royalty_app.payment_structure", "pk": 13, "fields": {"sales_month": 1, "periodicity_cat": 5}}, {"model": "royalty_app.payment_structure", "pk": 14, "fields": {"sales_month": 2, "periodicity_cat": 5}}, {"model": "royalty_app.payment_structure", "pk": 15, "fields": {"sales_month": 3, "periodicity_cat": 5}}, {"model": "royalty_app.payment_structure", "pk": 16, "fields": {"sales_month": 4, "periodicity_cat": 5}}, {"model": "royalty_app.payment_structure", "pk": 17, "fields": {"sales_month": 5, "periodicity_cat": 5}}, {"model": "royalty_app.payment_structure", "pk": 18, "fields": {"sales_month": 6, "periodicity_cat": 5}}, {"model": "royalty_app.payment_structure", "pk": 19, "fields": {"sales_month": 7, "periodicity_cat": 6}}, {"model": "royalty_app.payment_structure", "pk": 20, "fields": {"sales_month": 8, "periodicity_cat": 6}}, {"model": "royalty_app.payment_structure", "pk": 21, "fields": {"sales_month": 9, "periodicity_cat": 6}}, {"model": "royalty_app.payment_structure", "pk": 22, "fields": {"sales_month": 10, "periodicity_cat": 6}}, {"model": "royalty_app.payment_structure", "pk": 23, "fields": {"sales_month": 11, "periodicity_cat": 6}}, {"model": "royalty_app.payment_structure", "pk": 24, "fields": {"sales_month": 12, "periodicity_cat": 6}}, {"model": "royalty_app.payment_structure", "pk": 25, "fields": {"sales_month": 1, "periodicity_cat": 7}}, {"model": "royalty_app.payment_structure", "pk": 26, "fields": {"sales_month": 2, "periodicity_cat": 7}}, {"model": "royalty_app.payment_structure", "pk": 27, "fields": {"sales_month": 3, "periodicity_cat": 7}}, {"model": "royalty_app.payment_structure", "pk": 28, "fields": {"sales_month": 4, "periodicity_cat": 7}}, {"model": "royalty_app.payment_structure", "pk": 29, "fields": {"sales_month": 5, "periodicity_cat": 7}}, {"model": "royalty_app.payment_structure", "pk": 30, "fields": {"sales_month": 6, "periodicity_cat": 7}}, {"model": "royalty_app.payment_structure", "pk": 31, "fields": {"sales_month": 7, "periodicity_cat": 7}}, {"model": "royalty_app.payment_structure", "pk": 32, "fields": {"sales_month": 8, "periodicity_cat": 7}}, {"model": "royalty_app.payment_structure", "pk": 33, "fields": {"sales_month": 9, "periodicity_cat": 7}}, {"model": "royalty_app.payment_structure", "pk": 34, "fields": {"sales_month": 10, "periodicity_cat": 7}}, {"model": "royalty_app.payment_structure", "pk": 35, "fields": {"sales_month": 11, "periodicity_cat": 7}}, {"model": "royalty_app.payment_structure", "pk": 36, "fields": {"sales_month": 12, "periodicity_cat": 7}}, {"model": "royalty_app.payment_structure", "pk": 37, "fields": {"sales_month": 1, "periodicity_cat": 8}}, {"model": "royalty_app.payment_structure", "pk": 38, "fields": {"sales_month": 2, "periodicity_cat": 9}}, {"model": "royalty_app.payment_structure", "pk": 39, "fields": {"sales_month": 3, "periodicity_cat": 10}}, {"model": "royalty_app.payment_structure", "pk": 40, "fields": {"sales_month": 4, "periodicity_cat": 11}}, {"model": "royalty_app.payment_structure", "pk": 41, "fields": {"sales_month": 5, "periodicity_cat": 12}}, {"model": "royalty_app.payment_structure", "pk": 42, "fields": {"sales_month": 6, "periodicity_cat": 13}}, {"model": "royalty_app.payment_structure", "pk": 43, "fields": {"sales_month": 7, "periodicity_cat": 14}}, {"model": "royalty_app.payment_structure", "pk": 44, "fields": {"sales_month": 8, "periodicity_cat": 15}}, {"model": "royalty_app.payment_structure", "pk": 45, "fields": {"sales_month": 9, "periodicity_cat": 16}}, {"model": "royalty_app.payment_structure", "pk": 46, "fields": {"sales_month": 10, "periodicity_cat": 17}}, {"model": "royalty_app.payment_structure", "pk": 47, "fields": {"sales_month": 11, "periodicity_cat": 18}}, {"model": "royalty_app.payment_structure", "pk": 48, "fields": {"sales_month": 12, "periodicity_cat": 19}}, {"model": "royalty_app.region", "pk": 1, "fields": {"region": "NA"}}, {"model": "royalty_app.region", "pk": 2, "fields": {"region": "EMEA"}}, {"model": "royalty_app.region", "pk": 3, "fields": {"region": "APAC"}}, {"model": "royalty_app.region", "pk": 4, "fields": {"region": "LATAM"}}, {"model": "royalty_app.region", "pk": 5, "fields": {"region": "Other"}}, {"model": "royalty_app.country", "pk": "AFG", "fields": {"country": "Afghanistan", "country_region": 3}}, {"model": "royalty_app.country", "pk": "ARE", "fields": {"country": "United Arab Emirates", "country_region": 2}}, {"model": "royalty_app.country", "pk": "ARG", "fields": {"country": "Argentina", "country_region": 4}}, {"model": "royalty_app.country", "pk": "ARM", "fields": {"country": "Armenia", "country_region": 2}}, {"model": "royalty_app.country", "pk": "AUS", "fields": {"country": "Australia", "country_region": 3}}, {"model": "royalty_app.country", "pk": "AUT", "fields": {"country": "Austria", "country_region": 2}}, {"model": "royalty_app.country", "pk": "AZE", "fields": {"country": "Azerbaijan", "country_region": 2}}, {"model": "royalty_app.country", "pk": "BEL", "fields": {"country": "Belgium & Luxembourg", "country_region": 2}}, {"model": "royalty_app.country", "pk": "BGR", "fields": {"country": "Bulgaria", "country_region": 2}}, {"model": "royalty_app.country", "pk": "BHR", "fields": {"country": "Bahrain", "country_region": 2}}, {"model": "royalty_app.country", "pk": "BLR", "fields": {"country": "Belarus", "country_region": 2}}, {"model": "royalty_app.country", "pk": "BRA", "fields": {"country": "Brazil", "country_region": 4}}, {"model": "royalty_app.country", "pk": "CADR", "fields": {"country": "Central America Dominican Republic", "country_region": 3}}, {"model": "royalty_app.country", "pk": "CAN", "fields": {"country": "Canada", "country_region": 1}}, {"model": "royalty_app.country", "pk": "CAR", "fields": {"country": "Caribbean", "country_region": 4}}, {"model": "royalty_app.country", "pk": "CEA", "fields": {"country": "Central Africa", "country_region": 2}}, {"model": "royalty_app.country", "pk": "CHE", "fields": {"country": "Switzerland", "country_region": 2}}, {"model": "royalty_app.country", "pk": "CHL", "fields": {"country": "Chile & Bolivia", "country_region": 4}}, {"model": "royalty_app.country", "pk": "CHN", "fields": {"country": "China", "country_region": 3}}, {"model": "royalty_app.country", "pk": "COL", "fields": {"country": "Colombia", "country_region": 4}}, {"model": "royalty_app.country", "pk": "CYP", "fields": {"country": "Cyprus", "country_region": 2}}, {"model": "royalty_app.country", "pk": "CZE", "fields": {"country": "Czech Republic", "country_region": 2}}, {"model": "royalty_app.country", "pk": "DEU", "fields": {"country": "Germany", "country_region": 2}}, {"model": "royalty_app.country", "pk": "DNK", "fields": {"country": "Denmark", "country_region": 2}}, {"model": "royalty_app.country", "pk": "DZA", "fields": {"country": "Algeria", "country_region": 2}}, {"model": "royalty_app.country", "pk": "ECU", "fields": {"country": "Ecuador", "country_region": 4}}, {"model": "royalty_app.country", "pk": "EGY", "fields": {"country": "Egypt", "country_region": 2}}, {"model": "royalty_app.country", "pk": "ESP", "fields": {"country": "Spain", "country_region": 2}}, {"model": "royalty_app.country", "pk": "FIN", "fields": {"country": "Finland", "country_region": 2}}, {"model": "royalty_app.country", "pk": "FRA", "fields": {"country": "France", "country_region": 2}}, {"model": "royalty_app.country", "pk": "GBR", "fields": {"country": "United Kingdom", "country_region": 2}}, {"model": "royalty_app.country", "pk": "GENSES", "fields": {"country": "Greece, Cyprus and Malta Support", "country_region": 2}}, {"model": "royalty_app.country", "pk": "GEO", "fields": {"country": "Georgia", "country_region": 2}}, {"model": "royalty_app.country", "pk": "GRC", "fields": {"country": "Greece", "country_region": 2}}, {"model": "royalty_app.country", "pk": "HKG", "fields": {"country": "Hong Kong & Macau", "country_region": 3}}, {"model": "royalty_app.country", "pk": "HRV", "fields": {"country": "Croatia", "country_region": 2}}, {"model": "royalty_app.country", "pk": "HUN", "fields": {"country": "Hungary", "country_region": 2}}, {"model": "royalty_app.country", "pk": "IDN", "fields": {"country": "Indonesia", "country_region": 3}}, {"model": "royalty_app.country", "pk": "IND", "fields": {"country": "India & Sri Lanka", "country_region": 3}}, {"model": "royalty_app.country", "pk": "IRL", "fields": {"country": "Ireland", "country_region": 2}}, {"model": "royalty_app.country", "pk": "IRN", "fields": {"country": "Iran", "country_region": 2}}, {"model": "royalty_app.country", "pk": "IRQ", "fields": {"country": "Iraq", "country_region": 2}}, {"model": "royalty_app.country", "pk": "ISR", "fields": {"country": "Israel", "country_region": 2}}, {"model": "royalty_app.country", "pk": "ITA", "fields": {"country": "Italy", "country_region": 2}}, {"model": "royalty_app.country", "pk": "JOR", "fields": {"country": "Jordan", "country_region": 2}}, {"model": "royalty_app.country", "pk": "JPN", "fields": {"country": "Japan", "country_region": 3}}, {"model": "royalty_app.country", "pk": "KAZ", "fields": {"country": "Kazakstan", "country_region": 3}}, {"model": "royalty_app.country", "pk": "KGZ", "fields": {"country": "Kyrgyzstan", "country_region": 3}}, {"model": "royalty_app.country", "pk": "KHM", "fields": {"country": "Cambodia", "country_region": 3}}, {"model": "royalty_app.country", "pk": "KOR", "fields": {"country": "Korea", "country_region": 3}}, {"model": "royalty_app.country", "pk": "KWT", "fields": {"country": "Kuwait", "country_region": 2}}, {"model": "royalty_app.country", "pk": "LBN", "fields": {"country": "Lebanon", "country_region": 2}}, {"model": "royalty_app.country", "pk": "LBY", "fields": {"country": "Libya", "country_region": 2}}, {"model": "royalty_app.country", "pk": "MAR", "fields": {"country": "Morocco", "country_region": 2}}, {"model": "royalty_app.country", "pk": "MDA", "fields": {"country": "Moldova", "country_region": 2}}, {"model": "royalty_app.country", "pk": "MEX", "fields": {"country": "Mexico", "country_region": 4}}, {"model": "royalty_app.country", "pk": "MKD", "fields": {"country": "Macedonia", "country_region": 2}}, {"model": "royalty_app.country", "pk": "MLT", "fields": {"country": "Malta", "country_region": 2}}, {"model": "royalty_app.country", "pk": "MUS", "fields": {"country": "Mauritius", "country_region": 2}}, {"model": "royalty_app.country", "pk": "MYS", "fields": {"country": "Malaysia", "country_region": 3}}, {"model": "royalty_app.country", "pk": "NLD", "fields": {"country": "Netherlands", "country_region": 2}}, {"model": "royalty_app.country", "pk": "NOR", "fields": {"country": "Norway", "country_region": 2}}, {"model": "royalty_app.country", "pk": "NZL", "fields": {"country": "New Zealand", "country_region": 3}}, {"model": "royalty_app.country", "pk": "OMN", "fields": {"country": "Oman", "country_region": 2}}, {"model": "royalty_app.country", "pk": "PAK", "fields": {"country": "Pakistan", "country_region": 3}}, {"model": "royalty_app.country", "pk": "PER", "fields": {"country": "Peru", "country_region": 4}}, {"model": "royalty_app.country", "pk": "PHL", "fields": {"country": "Philippines", "country_region": 3}}, {"model": "royalty_app.country", "pk": "POL", "fields": {"country": "Poland", "country_region": 2}}, {"model": "royalty_app.country", "pk": "PRT", "fields": {"country": "Portugal", "country_region": 2}}, {"model": "royalty_app.country", "pk": "QAT", "fields": {"country": "Qatar", "country_region": 2}}, {"model": "royalty_app.country", "pk": "REU", "fields": {"country": "Romania", "country_region": 2}}, {"model": "royalty_app.country", "pk": "RUS", "fields": {"country": "Russian Federation", "country_region": 2}}, {"model": "royalty_app.country", "pk": "SAU", "fields": {"country": "Saudi Arabia", "country_region": 2}}, {"model": "royalty_app.country", "pk": "SDN", "fields": {"country": "Sudan", "country_region": 2}}, {"model": "royalty_app.country", "pk": "SGP", "fields": {"country": "Singapore", "country_region": 3}}, {"model": "royalty_app.country", "pk": "SRB", "fields": {"country": "Serbia & Montenegro", "country_region": 2}}, {"model": "royalty_app.country", "pk": "SVK", "fields": {"country": "Slovakia", "country_region": 2}}, {"model": "royalty_app.country", "pk": "SVN", "fields": {"country": "Slovenia", "country_region": 2}}, {"model": "royalty_app.country", "pk": "SWE", "fields": {"country": "Sweden", "country_region": 2}}, {"model": "royalty_app.country", "pk": "THA", "fields": {"country": "Thailand", "country_region": 3}}, {"model": "royalty_app.country", "pk": "TUN", "fields": {"country": "Tunisia", "country_region": 2}}, {"model": "royalty_app.country", "pk": "TUR", "fields": {"country": "Turkey", "country_region": 2}}, {"model": "royalty_app.country", "pk": "TWN", "fields": {"country": "Taiwan", "country_region": 3}}, {"model": "royalty_app.country", "pk": "UKR", "fields": {"country": "Ukraine", "country_region": 2}}, {"model": "royalty_app.country", "pk": "USA", "fields": {"country": "USA", "country_region": 1}}, {"model": "royalty_app.country", "pk": "VEN", "fields": {"country": "Venezuela", "country_region": 4}}, {"model": "royalty_app.country", "pk": "VNM", "fields": {"country": "Vietnam", "country_region": 3}}, {"model": "royalty_app.country", "pk": "WAF", "fields": {"country": "West Africa", "country_region": 2}}, {"model": "royalty_app.country", "pk": "XSVK", "fields": {"country": "Slovakia Spirig", "country_region": 2}}, {"model": "royalty_app.country", "pk": "XX9", "fields": {"country": "Dom Tom", "country_region": 2}}, {"model": "royalty_app.country", "pk": "XY5", "fields": {"country": "Estonia & Lithuania & Latvia", "country_region": 2}}, {"model": "royalty_app.country", "pk": "XYEM", "fields": {"country": "Yemen Spirig", "country_region": 2}}, {"model": "royalty_app.country", "pk": "ZAF", "fields": {"country": "South Africa", "country_region": 2}}, {"model": "royalty_app.division", "pk": "DIV01", "fields": {"division_name": "Holding Zurich", "division_country": "CHE"}}, {"model": "royalty_app.division", "pk": "DIV02", "fields": {"division_name": "Holding Zug", "division_country": "CHE"}}, {"model": "royalty_app.division", "pk": "DIV03", "fields": {"division_name": "Nova Holding", "division_country": "CHE"}}, {"model": "royalty_app.tax", "pk": 132, "fields": {"country_from": "CHE", "country_to": "FRA", "wht_rate": "0.01"}}, {"model": "royalty_app.tax", "pk": 133, "fields": {"country_from": "CHE", "country_to": "NOR", "wht_rate": "0.00"}}, {"model": "royalty_app.tax", "pk": 134, "fields": {"country_from": "CHE", "country_to": "USA", "wht_rate": "0.00"}}, {"model": "royalty_app.tax", "pk": 135, "fields": {"country_from": "FRA", "country_to": "CHE", "wht_rate": "5.00"}}, {"model": "royalty_app.tax", "pk": 136, "fields": {"country_from": "CHN", "country_to": "CHE", "wht_rate": "9.00"}}, {"model": "royalty_app.tax", "pk": 137, "fields": {"country_from": "IND", "country_to": "CHE", "wht_rate": "10.00"}}, {"model": "royalty_app.tax", "pk": 138, "fields": {"country_from": "PHL", "country_to": "CHE", "wht_rate": "15.00"}}, {"model": "royalty_app.tax", "pk": 139, "fields": {"country_from": "DEU", "country_to": "CHE", "wht_rate": "0.00"}}, {"model": "royalty_app.tax", "pk": 140, "fields": {"country_from": "ZAF", "country_to": "CHE", "wht_rate": "0.00"}}, {"model": "royalty_app.formulation", "pk": "F000001", "fields": {"formula_name": "Formulation 1"}}, {"model": "royalty_app.formulation", "pk": "F000002", "fields": {"formula_name": "Formulation 2"}}, {"model": "royalty_app.formulation", "pk": "F000003", "fields": {"formula_name": "oxytocin-based product 2"}}, {"model": "royalty_app.formulation", "pk": "F000004", "fields": {"formula_name": "oxytocin-based product 1"}}, {"model": "royalty_app.formulation", "pk": "F000005", "fields": {"formula_name": "Formulation 5"}}, {"model": "royalty_app.formulation", "pk": "F000006", "fields": {"formula_name": "Formulation 6"}}, {"model": "royalty_app.formulation", "pk": "F000007", "fields": {"formula_name": "Formulation 7"}}, {"model": "royalty_app.formulation", "pk": "F000008", "fields": {"formula_name": "Formulation 8"}}, {"model": "royalty_app.formulation", "pk": "F000009", "fields": {"formula_name": "Formulation 9"}}, {"model": "royalty_app.formulation", "pk": "F000010", "fields": {"formula_name": "Formulation 10"}}, {"model": "royalty_app.brand", "pk": 1, "fields": {"m3_brand_code": "B000001", "brand_name": "Brand 1"}}, {"model": "royalty_app.brand", "pk": 2, "fields": {"m3_brand_code": "B000002", "brand_name": "Brand 2"}}, {"model": "royalty_app.brand", "pk": 3, "fields": {"m3_brand_code": "B000003", "brand_name": "Syntocinon"}}, {"model": "royalty_app.brand", "pk": 4, "fields": {"m3_brand_code": "B000004", "brand_name": "Brand 4"}}, {"model": "royalty_app.brand", "pk": 5, "fields": {"m3_brand_code": "B000005", "brand_name": "Brand 5"}}, {"model": "royalty_app.brand", "pk": 6, "fields": {"m3_brand_code": "B000006", "brand_name": "Brand 6"}}, {"model": "royalty_app.brand", "pk": 7, "fields": {"m3_brand_code": "B000007", "brand_name": "Brand 7"}}, {"model": "royalty_app.brand", "pk": 8, "fields": {"m3_brand_code": "B000008", "brand_name": "Brand 8"}}, {"model": "royalty_app.accounting", "pk": 1, "fields": {"transaction_direction": "REC", "dim1": "15000000", "dim2": "", "dim4": "", "pl_bs": "BS", "d_c_if_amount_positiv": "D"}}, {"model": "royalty_app.accounting", "pk": 2, "fields": {"transaction_direction": "REC", "dim1": "32000000", "dim2": "OPC00000", "dim4": "M-CHE", "pl_bs": "PL", "d_c_if_amount_positiv": "C"}}, {"model": "royalty_app.accounting", "pk": 3, "fields": {"transaction_direction": "PAY", "dim1": "24000000", "dim2": "", "dim4": "", "pl_bs": "BS", "d_c_if_amount_positiv": "C"}}, {"model": "royalty_app.accounting", "pk": 4, "fields": {"transaction_direction": "PAY", "dim1": "45000000", "dim2": "COC00000", "dim4": "M-CHE", "pl_bs": "PL", "d_c_if_amount_positiv": "D"}}, {"model": "royalty_app.currency", "pk": "AED", "fields": {}}, {"model": "royalty_app.currency", "pk": "ARS", "fields": {}}, {"model": "royalty_app.currency", "pk": "AUD", "fields": {}}, {"model": "royalty_app.currency", "pk": "BAM", "fields": {}}, {"model": "royalty_app.currency", "pk": "BGN", "fields": {}}, {"model": "royalty_app.currency", "pk": "BHD", "fields": {}}, {"model": "royalty_app.currency", "pk": "BRL", "fields": {}}, {"model": "royalty_app.currency", "pk": "BSD", "fields": {}}, {"model": "royalty_app.currency", "pk": "BWP", "fields": {}}, {"model": "royalty_app.currency", "pk": "BZD", "fields": {}}, {"model": "royalty_app.currency", "pk": "CAD", "fields": {}}, {"model": "royalty_app.currency", "pk": "CHF", "fields": {}}, {"model": "royalty_app.currency", "pk": "CLP", "fields": {}}, {"model": "royalty_app.currency", "pk": "CNY", "fields": {}}, {"model": "royalty_app.currency", "pk": "COP", "fields": {}}, {"model": "royalty_app.currency", "pk": "CZK", "fields": {}}, {"model": "royalty_app.currency", "pk": "DKK", "fields": {}}, {"model": "royalty_app.currency", "pk": "DOP", "fields": {}}, {"model": "royalty_app.currency", "pk": "DZD", "fields": {}}, {"model": "royalty_app.currency", "pk": "EGP", "fields": {}}, {"model": "royalty_app.currency", "pk": "EUR", "fields": {}}, {"model": "royalty_app.currency", "pk": "GBP", "fields": {}}, {"model": "royalty_app.currency", "pk": "GHS", "fields": {}}, {"model": "royalty_app.currency", "pk": "GTQ", "fields": {}}, {"model": "royalty_app.currency", "pk": "HKD", "fields": {}}, {"model": "royalty_app.currency", "pk": "HRK", "fields": {}}, {"model": "royalty_app.currency", "pk": "HUF", "fields": {}}, {"model": "royalty_app.currency", "pk": "IDR", "fields": {}}, {"model": "royalty_app.currency", "pk": "ILS", "fields": {}}, {"model": "royalty_app.currency", "pk": "INR", "fields": {}}, {"model": "royalty_app.currency", "pk": "IRR", "fields": {}}, {"model": "royalty_app.currency", "pk": "ISK", "fields": {}}, {"model": "royalty_app.currency", "pk": "JOD", "fields": {}}, {"model": "royalty_app.currency", "pk": "JPY", "fields": {}}, {"model": "royalty_app.currency", "pk": "KES", "fields": {}}, {"model": "royalty_app.currency", "pk": "KRW", "fields": {}}, {"model": "royalty_app.currency", "pk": "KWD", "fields": {}}, {"model": "royalty_app.currency", "pk": "KZT", "fields": {}}, {"model": "royalty_app.currency", "pk": "LBP", "fields": {}}, {"model": "royalty_app.currency", "pk": "LKR", "fields": {}}, {"model": "royalty_app.currency", "pk": "LTL", "fields": {}}, {"model": "royalty_app.currency", "pk": "MAD", "fields": {}}, {"model": "royalty_app.currency", "pk": "MKD", "fields": {}}, {"model": "royalty_app.currency", "pk": "MOP", "fields": {}}, {"model": "royalty_app.currency", "pk": "MUR", "fields": {}}, {"model": "royalty_app.currency", "pk": "MXN", "fields": {}}, {"model": "royalty_app.currency", "pk": "MYR", "fields": {}}, {"model": "royalty_app.currency", "pk": "NGN", "fields": {}}, {"model": "royalty_app.currency", "pk": "NOK", "fields": {}}, {"model": "royalty_app.currency", "pk": "NZD", "fields": {}}, {"model": "royalty_app.currency", "pk": "OMR", "fields": {}}, {"model": "royalty_app.currency", "pk": "PEN", "fields": {}}, {"model": "royalty_app.currency", "pk": "PHP", "fields": {}}, {"model": "royalty_app.currency", "pk": "PKR", "fields": {}}, {"model": "royalty_app.currency", "pk": "PLN", "fields": {}}, {"model": "royalty_app.currency", "pk": "PYG", "fields": {}}, {"model": "royalty_app.currency", "pk": "QAR", "fields": {}}, {"model": "royalty_app.currency", "pk": "RON", "fields": {}}, {"model": "royalty_app.currency", "pk": "RSD", "fields": {}}, {"model": "royalty_app.currency", "pk": "RUB", "fields": {}}, {"model": "royalty_app.currency", "pk": "SAR", "fields": {}}, {"model": "royalty_app.currency", "pk": "SCR", "fields": {}}, {"model": "royalty_app.currency", "pk": "SEK", "fields": {}}, {"model": "royalty_app.currency", "pk": "SGD", "fields": {}}, {"model": "royalty_app.currency", "pk": "SYP", "fields": {}}, {"model": "royalty_app.currency", "pk": "THB", "fields": {}}, {"model": "royalty_app.currency", "pk": "TND", "fields": {}}, {"model": "royalty_app.currency", "pk": "TRY", "fields": {}}, {"model": "royalty_app.currency", "pk": "TWD", "fields": {}}, {"model": "royalty_app.currency", "pk": "TZS", "fields": {}}, {"model": "royalty_app.currency", "pk": "UAH", "fields": {}}, {"model": "royalty_app.currency", "pk": "UGX", "fields": {}}, {"model": "royalty_app.currency", "pk": "USD", "fields": {}}, {"model": "royalty_app.currency", "pk": "UYU", "fields": {}}, {"model": "royalty_app.currency", "pk": "VEF", "fields": {}}, {"model": "royalty_app.currency", "pk": "VES", "fields": {}}, {"model": "royalty_app.currency", "pk": "VND", "fields": {}}, {"model": "royalty_app.currency", "pk": "XCD", "fields": {}}, {"model": "royalty_app.currency", "pk": "XPF", "fields": {}}, {"model": "royalty_app.currency", "pk": "ZAR", "fields": {}}, {"model": "royalty_app.currency", "pk": "ZMW", "fields": {}}, {"model": "royalty_app.currency", "pk": "ZWD", "fields": {}}, {"model": "royalty_app.partner", "pk": 1, "fields": {"partner_name": "Partner 1", "partner_m3_code": "P000001", "partner_country": "CAN", "partner_bank_account": "CA-1000-230-1010", "partner_payment_type": 1, "ico_3rd": "3rd", "partner_proposal": 15, "status": "CHANGE"}}, {"model": "royalty_app.partner", "pk": 2, "fields": {"partner_name": "Partner 2", "partner_m3_code": "P000002", "partner_country": "USA", "partner_bank_account": "US-1201-12121-1561", "partner_payment_type": 1, "ico_3rd": "3rd", "partner_proposal": null, "status": "DELETE"}}, {"model": "royalty_app.partner", "pk": 3, "fields": {"partner_name": "Partner 3", "partner_m3_code": "P000003", "partner_country": "USA", "partner_bank_account": "US-15651-050", "partner_payment_type": 1, "ico_3rd": "3rd", "partner_proposal": null, "status": "NEW"}}, {"model": "royalty_app.partner", "pk": 4, "fields": {"partner_name": "Retrophin", "partner_m3_code": "P000004", "partner_country": "USA", "partner_bank_account": "US-156-014840a00", "partner_payment_type": 1, "ico_3rd": "3rd", "partner_proposal": null, "status": "CURRENT"}}, {"model": "royalty_app.partner", "pk": 5, "fields": {"partner_name": "Travere", "partner_m3_code": "P000005", "partner_country": "USA", "partner_bank_account": "USA-1561-04040", "partner_payment_type": 1, "ico_3rd": "3rd", "partner_proposal": null, "status": "CURRENT"}}, {"model": "royalty_app.partner", "pk": 6, "fields": {"partner_name": "Partner 6", "partner_m3_code": "P000006", "partner_country": "USA", "partner_bank_account": "USA-156-48844-0404", "partner_payment_type": 1, "ico_3rd": "3rd", "partner_proposal": null, "status": "DELETE"}}, {"model": "royalty_app.partner", "pk": 7, "fields": {"partner_name": "Partner 7", "partner_m3_code": "P000007", "partner_country": "USA", "partner_bank_account": "US-150-01010-0110", "partner_payment_type": 1, "ico_3rd": "3rd", "partner_proposal": null, "status": "NEW"}}, {"model": "royalty_app.partner", "pk": 8, "fields": {"partner_name": "Partner 8", "partner_m3_code": "P000008", "partner_country": "FRA", "partner_bank_account": "FRA-01010-05050", "partner_payment_type": 1, "ico_3rd": "3rd", "partner_proposal": null, "status": "NEW"}}, {"model": "royalty_app.partner", "pk": 9, "fields": {"partner_name": "Partner 9", "partner_m3_code": "P000009", "partner_country": "DEU", "partner_bank_account": "DEU-15651-050550", "partner_payment_type": 1, "ico_3rd": "3rd", "partner_proposal": null, "status": "NEW"}}, {"model": "royalty_app.partner", "pk": 10, "fields": {"partner_name": "Partner 10", "partner_m3_code": "P000010", "partner_country": "USA", "partner_bank_account": "USA-418484-04040-040", "partner_payment_type": 1, "ico_3rd": "3rd", "partner_proposal": null, "status": "NEW"}}, {"model": "royalty_app.partner", "pk": 12, "fields": {"partner_name": "Partner 12", "partner_m3_code": "P000012", "partner_country": "USA", "partner_bank_account": "US-4840-40040", "partner_payment_type": 1, "ico_3rd": "3rd", "partner_proposal": null, "status": "DELETE"}}, {"model": "royalty_app.partner", "pk": 15, "fields": {"partner_name": "Partner 1", "partner_m3_code": "P000001", "partner_country": "CAN", "partner_bank_account": "CA-1000-230-1010", "partner_payment_type": 2, "ico_3rd": "3rd", "partner_proposal": null, "status": "PROPOSAL"}}, {"model": "royalty_app.partner", "pk": 16, "fields": {"partner_name": "Partner 10", "partner_m3_code": "P000010", "partner_country": "CAN", "partner_bank_account": "rr/Partner 11 : 2021 Annually", "partner_payment_type": 1, "ico_3rd": "ICO", "partner_proposal": null, "status": "NEW"}}, {"model": "royalty_app.contract", "pk": 1, "fields": {"contract_name": "con 1", "transaction_direction": "PAY", "division": "DIV01", "division_via": "DIV01", "contract_currency": "USD", "payment_periodicity": 1, "payment_terms": 120, "m3_brand": 1, "mini_gar_status": "NO", "mini_gar_from": 1900, "mini_gar_to": 2100, "minimum_guar_amount": 0, "minimum_guar_remaining_allocation_country": null, "contract_proposal": null, "status": "CURRENT"}}, {"model": "royalty_app.contract", "pk": 2, "fields": {"contract_name": "Contract 2", "transaction_direction": "PAY", "division": "DIV01", "division_via": "DIV01", "contract_currency": "USD", "payment_periodicity": 1, "payment_terms": 60, "m3_brand": 2, "mini_gar_status": "NO", "mini_gar_from": 1900, "mini_gar_to": 2100, "minimum_guar_amount": 0, "minimum_guar_remaining_allocation_country": null, "contract_proposal": null, "status": "CURRENT"}}, {"model": "royalty_app.contract", "pk": 3, "fields": {"contract_name": "Contract 3", "transaction_direction": "PAY", "division": "DIV01", "division_via": "DIV01", "contract_currency": "USD", "payment_periodicity": 3, "payment_terms": 120, "m3_brand": 3, "mini_gar_status": "YES", "mini_gar_from": 1900, "mini_gar_to": 2100, "minimum_guar_amount": 1000000, "minimum_guar_remaining_allocation_country": "AFG", "contract_proposal": null, "status": "CURRENT"}}, {"model": "royalty_app.contract", "pk": 4, "fields": {"contract_name": "Contract 3", "transaction_direction": "PAY", "division": "DIV02", "division_via": null, "contract_currency": "GBP", "payment_periodicity": 1, "payment_terms": 30, "m3_brand": 3, "mini_gar_status": "YES", "mini_gar_from": 1900, "mini_gar_to": 2100, "minimum_guar_amount": 1000000, "minimum_guar_remaining_allocation_country": "USA", "contract_proposal": null, "status": "IN_CREATION"}}, {"model": "royalty_app.contract", "pk": 5, "fields": {"contract_name": "Contract 4", "transaction_direction": "PAY", "division": "DIV01", "division_via": null, "contract_currency": "USD", "payment_periodicity": 2, "payment_terms": 30, "m3_brand": 4, "mini_gar_status": "YES", "mini_gar_from": 1900, "mini_gar_to": 2100, "minimum_guar_amount": 1200000, "minimum_guar_remaining_allocation_country": "USA", "contract_proposal": null, "status": "IN_CREATION"}}, {"model": "royalty_app.contract", "pk": 6, "fields": {"contract_name": "Contract 5", "transaction_direction": "PAY", "division": "DIV01", "division_via": null, "contract_currency": "EUR", "payment_periodicity": 4, "payment_terms": 30, "m3_brand": 5, "mini_gar_status": "NO", "mini_gar_from": 1900, "mini_gar_to": 2100, "minimum_guar_amount": null, "minimum_guar_remaining_allocation_country": null, "contract_proposal": null, "status": "IN_CREATION"}}, {"model": "royalty_app.contract", "pk": 7, "fields": {"contract_name": "Contract 6", "transaction_direction": "PAY", "division": "DIV03", "division_via": null, "contract_currency": "USD", "payment_periodicity": 1, "payment_terms": 30, "m3_brand": 6, "mini_gar_status": "NO", "mini_gar_from": 1900, "mini_gar_to": 2100, "minimum_guar_amount": null, "minimum_guar_remaining_allocation_country": null, "contract_proposal": null, "status": "IN_CREATION"}}, {"model": "royalty_app.contract", "pk": 8, "fields": {"contract_name": "Contract 7", "transaction_direction": "REC", "division": "DIV01", "division_via": null, "contract_currency": "EUR", "payment_periodicity": 2, "payment_terms": 30, "m3_brand": 7, "mini_gar_status": "YES", "mini_gar_from": 1900, "mini_gar_to": 2100, "minimum_guar_amount": 450000, "minimum_guar_remaining_allocation_country": null, "contract_proposal": null, "status": "IN_CREATION"}}, {"model": "royalty_app.contract", "pk": 9, "fields": {"contract_name": "Contract 8", "transaction_direction": "PAY", "division": "DIV01", "division_via": null, "contract_currency": "USD", "payment_periodicity": 1, "payment_terms": 30, "m3_brand": 8, "mini_gar_status": "NO", "mini_gar_from": 1900, "mini_gar_to": 2100, "minimum_guar_amount": null, "minimum_guar_remaining_allocation_country": null, "contract_proposal": null, "status": "IN_CREATION"}}, {"model": "royalty_app.rule", "pk": 173, "fields": {"contract": 1, "country_incl_excl": "EXCLUDE", "country_list": "USA", "field_type": "RATE", "period_from": "1900-01-01", "period_to": "2100-01-01", "tranche_type": "NO", "rate_value": 12.0, "qty_value": 0.0, "report_currency": "USD", "qty_value_currency": "USD", "formulation": ["F000006", "F000004", "F000009", "F000002", "F000005", "F000001", "F000008", "F000007", "F000010", "F000003"], "country": ["USA"]}}, {"model": "royalty_app.rule", "pk": 174, "fields": {"contract": 1, "country_incl_excl": "INCLUDE", "country_list": "USA", "field_type": "RATE", "period_from": "1900-01-01", "period_to": "2100-01-01", "tranche_type": "YES", "rate_value": 10.0, "qty_value": 0.0, "report_currency": "USD", "qty_value_currency": "USD", "formulation": ["F000001"], "country": ["USA"]}}, {"model": "royalty_app.rule", "pk": 175, "fields": {"contract": 2, "country_incl_excl": "EXCLUDE", "country_list": "AFG, AUS", "field_type": "RATE", "period_from": "1900-01-01", "period_to": "2100-01-01", "tranche_type": "NO", "rate_value": 10.0, "qty_value": 0.0, "report_currency": "USD", "qty_value_currency": "USD", "formulation": ["F000002", "F000001", "F000003"], "country": ["AFG", "AUS"]}}, {"model": "royalty_app.rule", "pk": 209, "fields": {"contract": 3, "country_incl_excl": "EXCLUDE", "country_list": "AFG,  AUS,  CADR,  CHN,  HKG,  IDN,  IND", "field_type": "RATE", "period_from": "1900-01-01", "period_to": "2100-01-01", "tranche_type": "NO", "rate_value": 10.0, "qty_value": 0.0, "report_currency": "USD", "qty_value_currency": "USD", "formulation": ["F000006", "F000004", "F000002", "F000005", "F000008", "F000007", "F000001", "F000003"], "country": ["AFG"]}}, {"model": "royalty_app.contract_file", "pk": 9, "fields": {"name": "GSK.pdf", "contract": 1, "upload": "contracts/GSK.pdf"}}, {"model": "royalty_app.contract_file", "pk": 10, "fields": {"name": "CV pierre maisonnave.pdf", "contract": 2, "upload": "contracts/CV_pierre_maisonnave_nv3coIi.pdf"}}, {"model": "royalty_app.contract_file", "pk": 43, "fields": {"name": "CV.pdf", "contract": 3, "upload": "contracts/CV_zkD1YTi.pdf"}}, {"model": "royalty_app.contract_partner", "pk": 11, "fields": {"contract": 1, "partner": 2, "percentage": 100.0}}, {"model": "royalty_app.contract_partner", "pk": 12, "fields": {"contract": 2, "partner": 1, "percentage": 20.0}}, {"model": "royalty_app.contract_partner", "pk": 13, "fields": {"contract": 2, "partner": 2, "percentage": 80.0}}, {"model": "royalty_app.contract_partner", "pk": 46, "fields": {"contract": 3, "partner": 1, "percentage": 100.0}}, {"model": "royalty_app.tranche", "pk": 297, "fields": {"rule": 174, "from_amount": 0.0, "to_amount": 150.0, "percentage": 10.0}}, {"model": "royalty_app.tranche", "pk": 298, "fields": {"rule": 174, "from_amount": 150.0, "to_amount": 1560.0, "percentage": 15.0}}, {"model": "royalty_app.tranche", "pk": 299, "fields": {"rule": 174, "from_amount": 1560.0, "to_amount": 100000.0, "percentage": 1.0}}, {"model": "royalty_app.tranche", "pk": 300, "fields": {"rule": 174, "from_amount": 100000.0, "to_amount": 0.0, "percentage": 2.0}}, {"model": "royalty_app.consolidation_currency", "pk": 1, "fields": {"currency": "USD"}}]