[{"model": "royalty_app.payment_type", "pk": 1, "fields": {"payment_type": "Payment run"}}, {"model": "royalty_app.payment_type", "pk": 2, "fields": {"payment_type": "Manual Payment"}}, {"model": "royalty_app.type", "pk": 1, "fields": {"name": "ROYALTY"}}, {"model": "royalty_app.type", "pk": 2, "fields": {"name": "MARGIN_ADJ"}}, {"model": "royalty_app.month_table", "pk": 1, "fields": {"month_name": "January"}}, {"model": "royalty_app.month_table", "pk": 2, "fields": {"month_name": "February"}}, {"model": "royalty_app.month_table", "pk": 3, "fields": {"month_name": "March"}}, {"model": "royalty_app.month_table", "pk": 4, "fields": {"month_name": "April"}}, {"model": "royalty_app.month_table", "pk": 5, "fields": {"month_name": "May"}}, {"model": "royalty_app.month_table", "pk": 6, "fields": {"month_name": "June"}}, {"model": "royalty_app.month_table", "pk": 7, "fields": {"month_name": "July"}}, {"model": "royalty_app.month_table", "pk": 8, "fields": {"month_name": "August"}}, {"model": "royalty_app.month_table", "pk": 9, "fields": {"month_name": "September"}}, {"model": "royalty_app.month_table", "pk": 10, "fields": {"month_name": "October"}}, {"model": "royalty_app.month_table", "pk": 11, "fields": {"month_name": "November"}}, {"model": "royalty_app.month_table", "pk": 12, "fields": {"month_name": "December"}}, {"model": "royalty_app.periodicity", "pk": 1, "fields": {"periodicity": "Quarterly"}}, {"model": "royalty_app.periodicity", "pk": 2, "fields": {"periodicity": "Annually"}}, {"model": "royalty_app.periodicity", "pk": 3, "fields": {"periodicity": "Semi-annually"}}, {"model": "royalty_app.periodicity", "pk": 4, "fields": {"periodicity": "Monthly"}}, {"model": "royalty_app.sales_breakdown_item", "pk": 1, "fields": {"sales_breakdown_definition": "gross_sales"}}, {"model": "royalty_app.sales_breakdown_item", "pk": 2, "fields": {"sales_breakdown_definition": "discount_1"}}, {"model": "royalty_app.sales_breakdown_item", "pk": 3, "fields": {"sales_breakdown_definition": "discount_2"}}, {"model": "royalty_app.sales_breakdown_item", "pk": 4, "fields": {"sales_breakdown_definition": "allowance_1"}}, {"model": "royalty_app.sales_breakdown_item", "pk": 5, "fields": {"sales_breakdown_definition": "allowance_2"}}, {"model": "royalty_app.sales_breakdown_item", "pk": 6, "fields": {"sales_breakdown_definition": "rebate_1"}}, {"model": "royalty_app.sales_breakdown_item", "pk": 7, "fields": {"sales_breakdown_definition": "sales"}}, {"model": "royalty_app.periodicity_cat", "pk": 1, "fields": {"periodicity_cat": "Q1", "periodicity": 1, "period_month_end": 3}}, {"model": "royalty_app.periodicity_cat", "pk": 2, "fields": {"periodicity_cat": "Q2", "periodicity": 1, "period_month_end": 6}}, {"model": "royalty_app.periodicity_cat", "pk": 3, "fields": {"periodicity_cat": "Q3", "periodicity": 1, "period_month_end": 9}}, {"model": "royalty_app.periodicity_cat", "pk": 4, "fields": {"periodicity_cat": "Q4", "periodicity": 1, "period_month_end": 12}}, {"model": "royalty_app.periodicity_cat", "pk": 5, "fields": {"periodicity_cat": "S1", "periodicity": 3, "period_month_end": 6}}, {"model": "royalty_app.periodicity_cat", "pk": 6, "fields": {"periodicity_cat": "S2", "periodicity": 3, "period_month_end": 12}}, {"model": "royalty_app.periodicity_cat", "pk": 7, "fields": {"periodicity_cat": "Annually", "periodicity": 2, "period_month_end": 12}}, {"model": "royalty_app.periodicity_cat", "pk": 8, "fields": {"periodicity_cat": "January", "periodicity": 4, "period_month_end": 1}}, {"model": "royalty_app.periodicity_cat", "pk": 9, "fields": {"periodicity_cat": "February", "periodicity": 4, "period_month_end": 2}}, {"model": "royalty_app.periodicity_cat", "pk": 10, "fields": {"periodicity_cat": "March", "periodicity": 4, "period_month_end": 3}}, {"model": "royalty_app.periodicity_cat", "pk": 11, "fields": {"periodicity_cat": "April", "periodicity": 4, "period_month_end": 4}}, {"model": "royalty_app.periodicity_cat", "pk": 12, "fields": {"periodicity_cat": "May", "periodicity": 4, "period_month_end": 5}}, {"model": "royalty_app.periodicity_cat", "pk": 13, "fields": {"periodicity_cat": "June", "periodicity": 4, "period_month_end": 6}}, {"model": "royalty_app.periodicity_cat", "pk": 14, "fields": {"periodicity_cat": "July", "periodicity": 4, "period_month_end": 7}}, {"model": "royalty_app.periodicity_cat", "pk": 15, "fields": {"periodicity_cat": "August", "periodicity": 4, "period_month_end": 8}}, {"model": "royalty_app.periodicity_cat", "pk": 16, "fields": {"periodicity_cat": "September", "periodicity": 4, "period_month_end": 9}}, {"model": "royalty_app.periodicity_cat", "pk": 17, "fields": {"periodicity_cat": "October", "periodicity": 4, "period_month_end": 10}}, {"model": "royalty_app.periodicity_cat", "pk": 18, "fields": {"periodicity_cat": "November", "periodicity": 4, "period_month_end": 11}}, {"model": "royalty_app.periodicity_cat", "pk": 19, "fields": {"periodicity_cat": "December", "periodicity": 4, "period_month_end": 12}}, {"model": "royalty_app.payment_structure", "pk": 1, "fields": {"sales_month": 1, "periodicity_cat": 1}}, {"model": "royalty_app.payment_structure", "pk": 2, "fields": {"sales_month": 2, "periodicity_cat": 1}}, {"model": "royalty_app.payment_structure", "pk": 3, "fields": {"sales_month": 3, "periodicity_cat": 1}}, {"model": "royalty_app.payment_structure", "pk": 4, "fields": {"sales_month": 4, "periodicity_cat": 2}}, {"model": "royalty_app.payment_structure", "pk": 5, "fields": {"sales_month": 5, "periodicity_cat": 2}}, {"model": "royalty_app.payment_structure", "pk": 6, "fields": {"sales_month": 6, "periodicity_cat": 2}}, {"model": "royalty_app.payment_structure", "pk": 7, "fields": {"sales_month": 7, "periodicity_cat": 3}}, {"model": "royalty_app.payment_structure", "pk": 8, "fields": {"sales_month": 8, "periodicity_cat": 3}}, {"model": "royalty_app.payment_structure", "pk": 9, "fields": {"sales_month": 9, "periodicity_cat": 3}}, {"model": "royalty_app.payment_structure", "pk": 10, "fields": {"sales_month": 10, "periodicity_cat": 4}}, {"model": "royalty_app.payment_structure", "pk": 11, "fields": {"sales_month": 11, "periodicity_cat": 4}}, {"model": "royalty_app.payment_structure", "pk": 12, "fields": {"sales_month": 12, "periodicity_cat": 4}}, {"model": "royalty_app.payment_structure", "pk": 13, "fields": {"sales_month": 1, "periodicity_cat": 5}}, {"model": "royalty_app.payment_structure", "pk": 14, "fields": {"sales_month": 2, "periodicity_cat": 5}}, {"model": "royalty_app.payment_structure", "pk": 15, "fields": {"sales_month": 3, "periodicity_cat": 5}}, {"model": "royalty_app.payment_structure", "pk": 16, "fields": {"sales_month": 4, "periodicity_cat": 5}}, {"model": "royalty_app.payment_structure", "pk": 17, "fields": {"sales_month": 5, "periodicity_cat": 5}}, {"model": "royalty_app.payment_structure", "pk": 18, "fields": {"sales_month": 6, "periodicity_cat": 5}}, {"model": "royalty_app.payment_structure", "pk": 19, "fields": {"sales_month": 7, "periodicity_cat": 6}}, {"model": "royalty_app.payment_structure", "pk": 20, "fields": {"sales_month": 8, "periodicity_cat": 6}}, {"model": "royalty_app.payment_structure", "pk": 21, "fields": {"sales_month": 9, "periodicity_cat": 6}}, {"model": "royalty_app.payment_structure", "pk": 22, "fields": {"sales_month": 10, "periodicity_cat": 6}}, {"model": "royalty_app.payment_structure", "pk": 23, "fields": {"sales_month": 11, "periodicity_cat": 6}}, {"model": "royalty_app.payment_structure", "pk": 24, "fields": {"sales_month": 12, "periodicity_cat": 6}}, {"model": "royalty_app.payment_structure", "pk": 25, "fields": {"sales_month": 1, "periodicity_cat": 7}}, {"model": "royalty_app.payment_structure", "pk": 26, "fields": {"sales_month": 2, "periodicity_cat": 7}}, {"model": "royalty_app.payment_structure", "pk": 27, "fields": {"sales_month": 3, "periodicity_cat": 7}}, {"model": "royalty_app.payment_structure", "pk": 28, "fields": {"sales_month": 4, "periodicity_cat": 7}}, {"model": "royalty_app.payment_structure", "pk": 29, "fields": {"sales_month": 5, "periodicity_cat": 7}}, {"model": "royalty_app.payment_structure", "pk": 30, "fields": {"sales_month": 6, "periodicity_cat": 7}}, {"model": "royalty_app.payment_structure", "pk": 31, "fields": {"sales_month": 7, "periodicity_cat": 7}}, {"model": "royalty_app.payment_structure", "pk": 32, "fields": {"sales_month": 8, "periodicity_cat": 7}}, {"model": "royalty_app.payment_structure", "pk": 33, "fields": {"sales_month": 9, "periodicity_cat": 7}}, {"model": "royalty_app.payment_structure", "pk": 34, "fields": {"sales_month": 10, "periodicity_cat": 7}}, {"model": "royalty_app.payment_structure", "pk": 35, "fields": {"sales_month": 11, "periodicity_cat": 7}}, {"model": "royalty_app.payment_structure", "pk": 36, "fields": {"sales_month": 12, "periodicity_cat": 7}}, {"model": "royalty_app.payment_structure", "pk": 37, "fields": {"sales_month": 1, "periodicity_cat": 8}}, {"model": "royalty_app.payment_structure", "pk": 38, "fields": {"sales_month": 2, "periodicity_cat": 9}}, {"model": "royalty_app.payment_structure", "pk": 39, "fields": {"sales_month": 3, "periodicity_cat": 10}}, {"model": "royalty_app.payment_structure", "pk": 40, "fields": {"sales_month": 4, "periodicity_cat": 11}}, {"model": "royalty_app.payment_structure", "pk": 41, "fields": {"sales_month": 5, "periodicity_cat": 12}}, {"model": "royalty_app.payment_structure", "pk": 42, "fields": {"sales_month": 6, "periodicity_cat": 13}}, {"model": "royalty_app.payment_structure", "pk": 43, "fields": {"sales_month": 7, "periodicity_cat": 14}}, {"model": "royalty_app.payment_structure", "pk": 44, "fields": {"sales_month": 8, "periodicity_cat": 15}}, {"model": "royalty_app.payment_structure", "pk": 45, "fields": {"sales_month": 9, "periodicity_cat": 16}}, {"model": "royalty_app.payment_structure", "pk": 46, "fields": {"sales_month": 10, "periodicity_cat": 17}}, {"model": "royalty_app.payment_structure", "pk": 47, "fields": {"sales_month": 11, "periodicity_cat": 18}}, {"model": "royalty_app.payment_structure", "pk": 48, "fields": {"sales_month": 12, "periodicity_cat": 19}}, {"model": "royalty_app.region", "pk": 1, "fields": {"region": "NAj"}}, {"model": "royalty_app.region", "pk": 2, "fields": {"region": "EMEA"}}, {"model": "royalty_app.region", "pk": 3, "fields": {"region": "APAC"}}, {"model": "royalty_app.region", "pk": 4, "fields": {"region": "LATAM"}}, {"model": "royalty_app.country", "pk": "AFG", "fields": {"country": "Afghanistan", "country_region": 3}}, {"model": "royalty_app.country", "pk": "ARE", "fields": {"country": "United Arab Emirates", "country_region": 2}}, {"model": "royalty_app.country", "pk": "ARG", "fields": {"country": "Argentina", "country_region": 4}}, {"model": "royalty_app.country", "pk": "ARM", "fields": {"country": "Armenia", "country_region": 2}}, {"model": "royalty_app.country", "pk": "AUS", "fields": {"country": "Australia", "country_region": 3}}, {"model": "royalty_app.country", "pk": "AUT", "fields": {"country": "Austria", "country_region": 2}}, {"model": "royalty_app.country", "pk": "AZE", "fields": {"country": "Azerbaijan", "country_region": 2}}, {"model": "royalty_app.country", "pk": "BEL", "fields": {"country": "Belgium & Luxembourg", "country_region": 2}}, {"model": "royalty_app.country", "pk": "BGR", "fields": {"country": "Bulgaria", "country_region": 2}}, {"model": "royalty_app.country", "pk": "BHR", "fields": {"country": "Bahrain", "country_region": 2}}, {"model": "royalty_app.country", "pk": "BLR", "fields": {"country": "Belarus", "country_region": 2}}, {"model": "royalty_app.country", "pk": "BRA", "fields": {"country": "Brazil", "country_region": 4}}, {"model": "royalty_app.country", "pk": "CADR", "fields": {"country": "Central America Dominican Republic", "country_region": 3}}, {"model": "royalty_app.country", "pk": "CAN", "fields": {"country": "Canada", "country_region": 1}}, {"model": "royalty_app.country", "pk": "CAR", "fields": {"country": "Caribbean", "country_region": 4}}, {"model": "royalty_app.country", "pk": "CEA", "fields": {"country": "Central Africa", "country_region": 2}}, {"model": "royalty_app.country", "pk": "CHE", "fields": {"country": "Switzerland", "country_region": 2}}, {"model": "royalty_app.country", "pk": "CHL", "fields": {"country": "Chile & Bolivia", "country_region": 4}}, {"model": "royalty_app.country", "pk": "CHN", "fields": {"country": "China", "country_region": 3}}, {"model": "royalty_app.country", "pk": "COL", "fields": {"country": "Colombia", "country_region": 4}}, {"model": "royalty_app.country", "pk": "CYP", "fields": {"country": "Cyprus", "country_region": 2}}, {"model": "royalty_app.country", "pk": "CZE", "fields": {"country": "Czech Republic", "country_region": 2}}, {"model": "royalty_app.country", "pk": "DEU", "fields": {"country": "Germany", "country_region": 2}}, {"model": "royalty_app.country", "pk": "DNK", "fields": {"country": "Denmark", "country_region": 2}}, {"model": "royalty_app.country", "pk": "DZA", "fields": {"country": "Algeria", "country_region": 2}}, {"model": "royalty_app.country", "pk": "ECU", "fields": {"country": "Ecuador", "country_region": 4}}, {"model": "royalty_app.country", "pk": "EGY", "fields": {"country": "Egypt", "country_region": 2}}, {"model": "royalty_app.country", "pk": "ESP", "fields": {"country": "Spain", "country_region": 2}}, {"model": "royalty_app.country", "pk": "FIN", "fields": {"country": "Finland", "country_region": 2}}, {"model": "royalty_app.country", "pk": "FRA", "fields": {"country": "France", "country_region": 2}}, {"model": "royalty_app.country", "pk": "GBR", "fields": {"country": "United Kingdom", "country_region": 2}}, {"model": "royalty_app.country", "pk": "GENSES", "fields": {"country": "Greece, Cyprus and Malta Support", "country_region": 2}}, {"model": "royalty_app.country", "pk": "GEO", "fields": {"country": "Georgia", "country_region": 2}}, {"model": "royalty_app.country", "pk": "GRC", "fields": {"country": "Greece", "country_region": 2}}, {"model": "royalty_app.country", "pk": "HKG", "fields": {"country": "Hong Kong & Macau", "country_region": 3}}, {"model": "royalty_app.country", "pk": "HRV", "fields": {"country": "Croatia", "country_region": 2}}, {"model": "royalty_app.country", "pk": "HUN", "fields": {"country": "Hungary", "country_region": 2}}, {"model": "royalty_app.country", "pk": "IDN", "fields": {"country": "Indonesia", "country_region": 3}}, {"model": "royalty_app.country", "pk": "IND", "fields": {"country": "India & Sri Lanka", "country_region": 3}}, {"model": "royalty_app.country", "pk": "IRL", "fields": {"country": "Ireland", "country_region": 2}}, {"model": "royalty_app.country", "pk": "IRN", "fields": {"country": "Iran", "country_region": 2}}, {"model": "royalty_app.country", "pk": "IRQ", "fields": {"country": "Iraq", "country_region": 2}}, {"model": "royalty_app.country", "pk": "ISR", "fields": {"country": "Israel", "country_region": 2}}, {"model": "royalty_app.country", "pk": "ITA", "fields": {"country": "Italy", "country_region": 2}}, {"model": "royalty_app.country", "pk": "JOR", "fields": {"country": "Jordan", "country_region": 2}}, {"model": "royalty_app.country", "pk": "JPN", "fields": {"country": "Japan", "country_region": 3}}, {"model": "royalty_app.country", "pk": "KAZ", "fields": {"country": "Kazakstan", "country_region": 3}}, {"model": "royalty_app.country", "pk": "KGZ", "fields": {"country": "Kyrgyzstan", "country_region": 3}}, {"model": "royalty_app.country", "pk": "KHM", "fields": {"country": "Cambodia", "country_region": 3}}, {"model": "royalty_app.country", "pk": "KOR", "fields": {"country": "Korea", "country_region": 3}}, {"model": "royalty_app.country", "pk": "KWT", "fields": {"country": "Kuwait", "country_region": 2}}, {"model": "royalty_app.country", "pk": "LBN", "fields": {"country": "Lebanon", "country_region": 2}}, {"model": "royalty_app.country", "pk": "LBY", "fields": {"country": "Libya", "country_region": 2}}, {"model": "royalty_app.country", "pk": "MAR", "fields": {"country": "Morocco", "country_region": 2}}, {"model": "royalty_app.country", "pk": "MDA", "fields": {"country": "Moldova", "country_region": 2}}, {"model": "royalty_app.country", "pk": "MEX", "fields": {"country": "Mexico", "country_region": 4}}, {"model": "royalty_app.country", "pk": "MKD", "fields": {"country": "Macedonia", "country_region": 2}}, {"model": "royalty_app.country", "pk": "MLT", "fields": {"country": "Malta", "country_region": 2}}, {"model": "royalty_app.country", "pk": "MUS", "fields": {"country": "Mauritius", "country_region": 2}}, {"model": "royalty_app.country", "pk": "MYS", "fields": {"country": "Malaysia", "country_region": 3}}, {"model": "royalty_app.country", "pk": "NLD", "fields": {"country": "Netherlands", "country_region": 2}}, {"model": "royalty_app.country", "pk": "NOR", "fields": {"country": "Norway", "country_region": 2}}, {"model": "royalty_app.country", "pk": "NZL", "fields": {"country": "New Zealand", "country_region": 3}}, {"model": "royalty_app.country", "pk": "OMN", "fields": {"country": "Oman", "country_region": 2}}, {"model": "royalty_app.country", "pk": "PAK", "fields": {"country": "Pakistan", "country_region": 3}}, {"model": "royalty_app.country", "pk": "PER", "fields": {"country": "Peru", "country_region": 4}}, {"model": "royalty_app.country", "pk": "PHL", "fields": {"country": "Philippines", "country_region": 3}}, {"model": "royalty_app.country", "pk": "POL", "fields": {"country": "Poland", "country_region": 2}}, {"model": "royalty_app.country", "pk": "PRT", "fields": {"country": "Portugal", "country_region": 2}}, {"model": "royalty_app.country", "pk": "QAT", "fields": {"country": "Qatar", "country_region": 2}}, {"model": "royalty_app.country", "pk": "REU", "fields": {"country": "Romania", "country_region": 2}}, {"model": "royalty_app.country", "pk": "RUS", "fields": {"country": "Russian Federation", "country_region": 2}}, {"model": "royalty_app.country", "pk": "SAU", "fields": {"country": "Saudi Arabia", "country_region": 2}}, {"model": "royalty_app.country", "pk": "SDN", "fields": {"country": "Sudan", "country_region": 2}}, {"model": "royalty_app.country", "pk": "SGP", "fields": {"country": "Singapore", "country_region": 3}}, {"model": "royalty_app.country", "pk": "SRB", "fields": {"country": "Serbia & Montenegro", "country_region": 2}}, {"model": "royalty_app.country", "pk": "SVK", "fields": {"country": "Slovakia", "country_region": 2}}, {"model": "royalty_app.country", "pk": "SVN", "fields": {"country": "Slovenia", "country_region": 2}}, {"model": "royalty_app.country", "pk": "SWE", "fields": {"country": "Sweden", "country_region": 2}}, {"model": "royalty_app.country", "pk": "THA", "fields": {"country": "Thailand", "country_region": 3}}, {"model": "royalty_app.country", "pk": "TUN", "fields": {"country": "Tunisia", "country_region": 2}}, {"model": "royalty_app.country", "pk": "TUR", "fields": {"country": "Turkey", "country_region": 2}}, {"model": "royalty_app.country", "pk": "TWN", "fields": {"country": "Taiwan", "country_region": 3}}, {"model": "royalty_app.country", "pk": "UKR", "fields": {"country": "Ukraine", "country_region": 2}}, {"model": "royalty_app.country", "pk": "USA", "fields": {"country": "USA", "country_region": 1}}, {"model": "royalty_app.country", "pk": "VEN", "fields": {"country": "Venezuela", "country_region": 4}}, {"model": "royalty_app.country", "pk": "VNM", "fields": {"country": "Vietnam", "country_region": 3}}, {"model": "royalty_app.country", "pk": "WAF", "fields": {"country": "West Africa", "country_region": 2}}, {"model": "royalty_app.country", "pk": "XSVK", "fields": {"country": "Slovakia Spirig", "country_region": 2}}, {"model": "royalty_app.country", "pk": "XX9", "fields": {"country": "Dom Tom", "country_region": 2}}, {"model": "royalty_app.country", "pk": "XY5", "fields": {"country": "Estonia & Lithuania & Latvia", "country_region": 2}}, {"model": "royalty_app.country", "pk": "XYEM", "fields": {"country": "Yemen Spirig", "country_region": 2}}, {"model": "royalty_app.country", "pk": "ZAF", "fields": {"country": "South Africa", "country_region": 2}}, {"model": "royalty_app.division", "pk": "DIV01", "fields": {"division_name": "Holding Zurich", "division_country": "BRA"}}, {"model": "royalty_app.division", "pk": "DIV02", "fields": {"division_name": "Holding Zug", "division_country": "CHE"}}, {"model": "royalty_app.division", "pk": "DIV03", "fields": {"division_name": "Nova Holding", "division_country": "CHE"}}, {"model": "royalty_app.tax", "pk": 240, "fields": {"country_from": "CHE", "country_to": "FRA", "wht_rate": "0.01"}}, {"model": "royalty_app.tax", "pk": 241, "fields": {"country_from": "CHE", "country_to": "NOR", "wht_rate": "0.00"}}, {"model": "royalty_app.tax", "pk": 242, "fields": {"country_from": "CHE", "country_to": "USA", "wht_rate": "0.00"}}, {"model": "royalty_app.tax", "pk": 243, "fields": {"country_from": "FRA", "country_to": "CHE", "wht_rate": "5.00"}}, {"model": "royalty_app.tax", "pk": 244, "fields": {"country_from": "CHN", "country_to": "CHE", "wht_rate": "9.00"}}, {"model": "royalty_app.tax", "pk": 245, "fields": {"country_from": "IND", "country_to": "CHE", "wht_rate": "10.00"}}, {"model": "royalty_app.tax", "pk": 246, "fields": {"country_from": "PHL", "country_to": "CHE", "wht_rate": "15.00"}}, {"model": "royalty_app.tax", "pk": 247, "fields": {"country_from": "DEU", "country_to": "CHE", "wht_rate": "0.00"}}, {"model": "royalty_app.tax", "pk": 248, "fields": {"country_from": "ZAF", "country_to": "CHE", "wht_rate": "0.00"}}, {"model": "royalty_app.formulation", "pk": "F000001", "fields": {"formula_name": "voretigene neparvovec-rzyl"}}, {"model": "royalty_app.formulation", "pk": "F000002", "fields": {"formula_name": "non-alcoholic steatohepatitis"}}, {"model": "royalty_app.formulation", "pk": "F000003", "fields": {"formula_name": "cord blood Modified HSCs"}}, {"model": "royalty_app.formulation", "pk": "F000004", "fields": {"formula_name": "cord blood derived non-Gene-Edited"}}, {"model": "royalty_app.formulation", "pk": "F000005", "fields": {"formula_name": "Formigran-123g"}}, {"model": "royalty_app.formulation", "pk": "F000006", "fields": {"formula_name": "Panadol Cold- 50mg"}}, {"model": "royalty_app.formulation", "pk": "F000007", "fields": {"formula_name": "oxytocin-based product 1"}}, {"model": "royalty_app.formulation", "pk": "F000008", "fields": {"formula_name": "oxytocin-based product 2"}}, {"model": "royalty_app.formulation", "pk": "F000009", "fields": {"formula_name": "Corp.'s anti-IL-1 beta monoclonal antibody gevokizumab"}}, {"model": "royalty_app.formulation", "pk": "F000010", "fields": {"formula_name": "IL-1 beta intellectual"}}, {"model": "royalty_app.brand", "pk": 1, "fields": {"brand_code": "B000001", "brand_name": "Luxturna-test"}}, {"model": "royalty_app.brand", "pk": 2, "fields": {"brand_code": "B000002", "brand_name": "NASH"}}, {"model": "royalty_app.brand", "pk": 3, "fields": {"brand_code": "B000003", "brand_name": "MGTA-456"}}, {"model": "royalty_app.brand", "pk": 4, "fields": {"brand_code": "B000004", "brand_name": "Formigran-test"}}, {"model": "royalty_app.brand", "pk": 5, "fields": {"brand_code": "B000005", "brand_name": "Syntocinon-test"}}, {"model": "royalty_app.brand", "pk": 6, "fields": {"brand_code": "B000006", "brand_name": "IL-1 beta intellectual"}}, {"model": "royalty_app.brand", "pk": 7, "fields": {"brand_code": "B000007", "brand_name": "Gevokizumab"}}, {"model": "royalty_app.currency", "pk": "AED", "fields": {}}, {"model": "royalty_app.currency", "pk": "ARS", "fields": {}}, {"model": "royalty_app.currency", "pk": "AUD", "fields": {}}, {"model": "royalty_app.currency", "pk": "BAM", "fields": {}}, {"model": "royalty_app.currency", "pk": "BGN", "fields": {}}, {"model": "royalty_app.currency", "pk": "BHD", "fields": {}}, {"model": "royalty_app.currency", "pk": "BRL", "fields": {}}, {"model": "royalty_app.currency", "pk": "BSD", "fields": {}}, {"model": "royalty_app.currency", "pk": "BWP", "fields": {}}, {"model": "royalty_app.currency", "pk": "BZD", "fields": {}}, {"model": "royalty_app.currency", "pk": "CAD", "fields": {}}, {"model": "royalty_app.currency", "pk": "CHF", "fields": {}}, {"model": "royalty_app.currency", "pk": "CLP", "fields": {}}, {"model": "royalty_app.currency", "pk": "CNY", "fields": {}}, {"model": "royalty_app.currency", "pk": "COP", "fields": {}}, {"model": "royalty_app.currency", "pk": "CZK", "fields": {}}, {"model": "royalty_app.currency", "pk": "DKK", "fields": {}}, {"model": "royalty_app.currency", "pk": "DOP", "fields": {}}, {"model": "royalty_app.currency", "pk": "DZD", "fields": {}}, {"model": "royalty_app.currency", "pk": "EGP", "fields": {}}, {"model": "royalty_app.currency", "pk": "EUR", "fields": {}}, {"model": "royalty_app.currency", "pk": "GBP", "fields": {}}, {"model": "royalty_app.currency", "pk": "GHS", "fields": {}}, {"model": "royalty_app.currency", "pk": "GTQ", "fields": {}}, {"model": "royalty_app.currency", "pk": "HKD", "fields": {}}, {"model": "royalty_app.currency", "pk": "HRK", "fields": {}}, {"model": "royalty_app.currency", "pk": "HUF", "fields": {}}, {"model": "royalty_app.currency", "pk": "IDR", "fields": {}}, {"model": "royalty_app.currency", "pk": "ILS", "fields": {}}, {"model": "royalty_app.currency", "pk": "INR", "fields": {}}, {"model": "royalty_app.currency", "pk": "IRR", "fields": {}}, {"model": "royalty_app.currency", "pk": "ISK", "fields": {}}, {"model": "royalty_app.currency", "pk": "JOD", "fields": {}}, {"model": "royalty_app.currency", "pk": "JPY", "fields": {}}, {"model": "royalty_app.currency", "pk": "KES", "fields": {}}, {"model": "royalty_app.currency", "pk": "KRW", "fields": {}}, {"model": "royalty_app.currency", "pk": "KWD", "fields": {}}, {"model": "royalty_app.currency", "pk": "KZT", "fields": {}}, {"model": "royalty_app.currency", "pk": "LBP", "fields": {}}, {"model": "royalty_app.currency", "pk": "LKR", "fields": {}}, {"model": "royalty_app.currency", "pk": "LTL", "fields": {}}, {"model": "royalty_app.currency", "pk": "MAD", "fields": {}}, {"model": "royalty_app.currency", "pk": "MKD", "fields": {}}, {"model": "royalty_app.currency", "pk": "MOP", "fields": {}}, {"model": "royalty_app.currency", "pk": "MUR", "fields": {}}, {"model": "royalty_app.currency", "pk": "MXN", "fields": {}}, {"model": "royalty_app.currency", "pk": "MYR", "fields": {}}, {"model": "royalty_app.currency", "pk": "NGN", "fields": {}}, {"model": "royalty_app.currency", "pk": "NOK", "fields": {}}, {"model": "royalty_app.currency", "pk": "NZD", "fields": {}}, {"model": "royalty_app.currency", "pk": "OMR", "fields": {}}, {"model": "royalty_app.currency", "pk": "PEN", "fields": {}}, {"model": "royalty_app.currency", "pk": "PHP", "fields": {}}, {"model": "royalty_app.currency", "pk": "PKR", "fields": {}}, {"model": "royalty_app.currency", "pk": "PLN", "fields": {}}, {"model": "royalty_app.currency", "pk": "PYG", "fields": {}}, {"model": "royalty_app.currency", "pk": "QAR", "fields": {}}, {"model": "royalty_app.currency", "pk": "RON", "fields": {}}, {"model": "royalty_app.currency", "pk": "RSD", "fields": {}}, {"model": "royalty_app.currency", "pk": "RUB", "fields": {}}, {"model": "royalty_app.currency", "pk": "SAR", "fields": {}}, {"model": "royalty_app.currency", "pk": "SCR", "fields": {}}, {"model": "royalty_app.currency", "pk": "SEK", "fields": {}}, {"model": "royalty_app.currency", "pk": "SGD", "fields": {}}, {"model": "royalty_app.currency", "pk": "SYP", "fields": {}}, {"model": "royalty_app.currency", "pk": "THB", "fields": {}}, {"model": "royalty_app.currency", "pk": "TND", "fields": {}}, {"model": "royalty_app.currency", "pk": "TRY", "fields": {}}, {"model": "royalty_app.currency", "pk": "TWD", "fields": {}}, {"model": "royalty_app.currency", "pk": "TZS", "fields": {}}, {"model": "royalty_app.currency", "pk": "UAH", "fields": {}}, {"model": "royalty_app.currency", "pk": "UGX", "fields": {}}, {"model": "royalty_app.currency", "pk": "USD", "fields": {}}, {"model": "royalty_app.currency", "pk": "UYU", "fields": {}}, {"model": "royalty_app.currency", "pk": "VEF", "fields": {}}, {"model": "royalty_app.currency", "pk": "VES", "fields": {}}, {"model": "royalty_app.currency", "pk": "VND", "fields": {}}, {"model": "royalty_app.currency", "pk": "XCD", "fields": {}}, {"model": "royalty_app.currency", "pk": "XPF", "fields": {}}, {"model": "royalty_app.currency", "pk": "ZAR", "fields": {}}, {"model": "royalty_app.currency", "pk": "ZMW", "fields": {}}, {"model": "royalty_app.currency", "pk": "ZWD", "fields": {}}, {"model": "royalty_app.partner", "pk": 1, "fields": {"partner_name": "Travere", "partner_m3_code": "P000001", "partner_country": "USA", "partner_bank_account": "CA-1000-230-1010", "partner_payment_type": 2, "ico_3rd": "3rd", "partner_proposal": null, "status": "CURRENT"}}, {"model": "royalty_app.partner", "pk": 2, "fields": {"partner_name": "XOMA", "partner_m3_code": "P000002", "partner_country": "USA", "partner_bank_account": "US-1201-12121-1561", "partner_payment_type": 1, "ico_3rd": "3rd", "partner_proposal": null, "status": "CURRENT"}}, {"model": "royalty_app.partner", "pk": 3, "fields": {"partner_name": "SPARK THERAPEUTICS", "partner_m3_code": "P000003", "partner_country": "USA", "partner_bank_account": "US-15651-050", "partner_payment_type": 2, "ico_3rd": "3rd", "partner_proposal": null, "status": "CURRENT"}}, {"model": "royalty_app.partner", "pk": 4, "fields": {"partner_name": "Retrophin", "partner_m3_code": "P000004", "partner_country": "USA", "partner_bank_account": "US-156-014840a00", "partner_payment_type": 2, "ico_3rd": "3rd", "partner_proposal": null, "status": "CURRENT"}}, {"model": "royalty_app.partner", "pk": 5, "fields": {"partner_name": "Pliant Therapeutics", "partner_m3_code": "P000005", "partner_country": "USA", "partner_bank_account": "USA-1561-040400", "partner_payment_type": 1, "ico_3rd": "3rd", "partner_proposal": null, "status": "CURRENT"}}, {"model": "royalty_app.partner", "pk": 7, "fields": {"partner_name": "Leo Constellation Limited", "partner_m3_code": "P000007", "partner_country": "GBR", "partner_bank_account": "US-150-01010-0110", "partner_payment_type": 1, "ico_3rd": "3rd", "partner_proposal": null, "status": "CURRENT"}}, {"model": "royalty_app.partner", "pk": 8, "fields": {"partner_name": "GlaxoSmithKline", "partner_m3_code": "P000008", "partner_country": "GBR", "partner_bank_account": "FRA-01010-05050", "partner_payment_type": 1, "ico_3rd": "3rd", "partner_proposal": null, "status": "CURRENT"}}, {"model": "royalty_app.partner", "pk": 23, "fields": {"partner_name": "Magenta Therapeutics", "partner_m3_code": "P000006", "partner_country": "AUT", "partner_bank_account": "", "partner_payment_type": 1, "ico_3rd": "ICO", "partner_proposal": null, "status": "CURRENT"}}, {"model": "royalty_app.partner", "pk": 43, "fields": {"partner_name": "s", "partner_m3_code": "P000010", "partner_country": "BHR", "partner_bank_account": "", "partner_payment_type": 1, "ico_3rd": "3rd", "partner_proposal": null, "status": "NEW"}}, {"model": "royalty_app.contract", "pk": 1, "fields": {"contract_name": "Luxturna3", "contract_type": 1, "transaction_direction": "PAY", "division": "DIV03", "division_via": "DIV01", "contract_currency": "USD", "payment_periodicity": 1, "payment_terms": 30, "m3_brand": 1, "mini_gar_status": "NO", "mini_gar_from": 1900, "mini_gar_to": 2100, "minimum_guar_amount": 0, "minimum_guar_remaining_allocation_country": null, "contract_proposal": 71, "status": "CHANGE"}}, {"model": "royalty_app.contract", "pk": 2, "fields": {"contract_name": "Pliant Cirrhosis", "contract_type": 1, "transaction_direction": "PAY", "division": "DIV01", "division_via": "DIV01", "contract_currency": "USD", "payment_periodicity": 1, "payment_terms": 35, "m3_brand": 2, "mini_gar_status": "NO", "mini_gar_from": 1900, "mini_gar_to": 2100, "minimum_guar_amount": 0, "minimum_guar_remaining_allocation_country": null, "contract_proposal": null, "status": "CURRENT"}}, {"model": "royalty_app.contract", "pk": 3, "fields": {"contract_name": "Margenta", "contract_type": 1, "transaction_direction": "PAY", "division": "DIV03", "division_via": "DIV01", "contract_currency": "USD", "payment_periodicity": 3, "payment_terms": 30, "m3_brand": 3, "mini_gar_status": "NO", "mini_gar_from": 1900, "mini_gar_to": 2100, "minimum_guar_amount": 0, "minimum_guar_remaining_allocation_country": null, "contract_proposal": null, "status": "CURRENT"}}, {"model": "royalty_app.contract", "pk": 5, "fields": {"contract_name": "Syntocinon-traver", "contract_type": 1, "transaction_direction": "PAY", "division": "DIV03", "division_via": "DIV01", "contract_currency": "USD", "payment_periodicity": 2, "payment_terms": 30, "m3_brand": 5, "mini_gar_status": "NO", "mini_gar_from": 1900, "mini_gar_to": 2100, "minimum_guar_amount": 0, "minimum_guar_remaining_allocation_country": null, "contract_proposal": null, "status": "CURRENT"}}, {"model": "royalty_app.contract", "pk": 6, "fields": {"contract_name": "GSK deal", "contract_type": 1, "transaction_direction": "PAY", "division": "DIV03", "division_via": "DIV01", "contract_currency": "GBP", "payment_periodicity": 4, "payment_terms": 60, "m3_brand": 4, "mini_gar_status": "YES", "mini_gar_from": 1900, "mini_gar_to": 2100, "minimum_guar_amount": 10000000, "minimum_guar_remaining_allocation_country": "GBR", "contract_proposal": 73, "status": "CHANGE"}}, {"model": "royalty_app.contract", "pk": 7, "fields": {"contract_name": "Xona deal", "contract_type": 1, "transaction_direction": "PAY", "division": "DIV03", "division_via": "DIV01", "contract_currency": "USD", "payment_periodicity": 1, "payment_terms": 30, "m3_brand": 7, "mini_gar_status": "NO", "mini_gar_from": 1900, "mini_gar_to": 2100, "minimum_guar_amount": 0, "minimum_guar_remaining_allocation_country": null, "contract_proposal": null, "status": "CURRENT"}}, {"model": "royalty_app.contract", "pk": 8, "fields": {"contract_name": "Margin adj contract", "contract_type": 2, "transaction_direction": "PAY", "division": "DIV01", "division_via": "DIV01", "contract_currency": "AUD", "payment_periodicity": 2, "payment_terms": 120, "m3_brand": 7, "mini_gar_status": "YES", "mini_gar_from": 1900, "mini_gar_to": 2100, "minimum_guar_amount": 120000000, "minimum_guar_remaining_allocation_country": "USA", "contract_proposal": null, "status": "CURRENT"}}, {"model": "royalty_app.contract", "pk": 11, "fields": {"contract_name": "new test", "contract_type": 1, "transaction_direction": "REC", "division": "DIV01", "division_via": "DIV01", "contract_currency": "USD", "payment_periodicity": 3, "payment_terms": 30, "m3_brand": 6, "mini_gar_status": "YES", "mini_gar_from": 2022, "mini_gar_to": 2100, "minimum_guar_amount": 100000000, "minimum_guar_remaining_allocation_country": "USA", "contract_proposal": null, "status": "CURRENT"}}, {"model": "royalty_app.contract", "pk": 68, "fields": {"contract_name": "ddd", "contract_type": 1, "transaction_direction": "PAY", "division": "DIV02", "division_via": "DIV01", "contract_currency": "ARS", "payment_periodicity": 2, "payment_terms": 12, "m3_brand": 6, "mini_gar_status": "NO", "mini_gar_from": 1900, "mini_gar_to": 2100, "minimum_guar_amount": 0, "minimum_guar_remaining_allocation_country": null, "contract_proposal": 74, "status": "CHANGE"}}, {"model": "royalty_app.contract", "pk": 69, "fields": {"contract_name": "Contract Name here", "contract_type": 1, "transaction_direction": "PAY", "division": "DIV02", "division_via": "DIV01", "contract_currency": "AUD", "payment_periodicity": 2, "payment_terms": 120, "m3_brand": 6, "mini_gar_status": "YES", "mini_gar_from": 1900, "mini_gar_to": 2100, "minimum_guar_amount": 12000000, "minimum_guar_remaining_allocation_country": "USA", "contract_proposal": 70, "status": "CHANGE"}}, {"model": "royalty_app.contract", "pk": 70, "fields": {"contract_name": "New Name", "contract_type": 1, "transaction_direction": "PAY", "division": "DIV02", "division_via": "DIV01", "contract_currency": "AUD", "payment_periodicity": 2, "payment_terms": 120, "m3_brand": 6, "mini_gar_status": "YES", "mini_gar_from": 1900, "mini_gar_to": 2100, "minimum_guar_amount": 12000000, "minimum_guar_remaining_allocation_country": "USA", "contract_proposal": null, "status": "PROPOSAL"}}, {"model": "royalty_app.contract", "pk": 71, "fields": {"contract_name": "Luxturna3", "contract_type": 1, "transaction_direction": "PAY", "division": "DIV03", "division_via": "DIV01", "contract_currency": "USD", "payment_periodicity": 1, "payment_terms": 30, "m3_brand": 1, "mini_gar_status": "NO", "mini_gar_from": 1900, "mini_gar_to": 2100, "minimum_guar_amount": 0, "minimum_guar_remaining_allocation_country": null, "contract_proposal": null, "status": "PROPOSAL"}}, {"model": "royalty_app.contract", "pk": 73, "fields": {"contract_name": "GSK deal", "contract_type": 1, "transaction_direction": "PAY", "division": "DIV03", "division_via": "DIV01", "contract_currency": "GBP", "payment_periodicity": 4, "payment_terms": 60, "m3_brand": 4, "mini_gar_status": "YES", "mini_gar_from": 1900, "mini_gar_to": 2100, "minimum_guar_amount": 10000000, "minimum_guar_remaining_allocation_country": "GBR", "contract_proposal": null, "status": "PROPOSAL"}}, {"model": "royalty_app.contract", "pk": 74, "fields": {"contract_name": "ddd", "contract_type": 1, "transaction_direction": "PAY", "division": "DIV02", "division_via": "DIV01", "contract_currency": "ARS", "payment_periodicity": 2, "payment_terms": 12, "m3_brand": 6, "mini_gar_status": "NO", "mini_gar_from": 1900, "mini_gar_to": 2100, "minimum_guar_amount": 0, "minimum_guar_remaining_allocation_country": null, "contract_proposal": null, "status": "PROPOSAL"}}, {"model": "royalty_app.contract", "pk": 75, "fields": {"contract_name": "Margin adj contract", "contract_type": 2, "transaction_direction": "PAY", "division": "DIV01", "division_via": "DIV01", "contract_currency": "AUD", "payment_periodicity": 2, "payment_terms": 120, "m3_brand": 7, "mini_gar_status": "YES", "mini_gar_from": 1900, "mini_gar_to": 2100, "minimum_guar_amount": 120000000, "minimum_guar_remaining_allocation_country": "USA", "contract_proposal": null, "status": "PROPOSAL"}}, {"model": "royalty_app.sales_breakdown_per_contract", "pk": 535, "fields": {"contract": 5, "sales_breakdown_item": 1, "sales_breakdown_contract_definition": ""}}, {"model": "royalty_app.sales_breakdown_per_contract", "pk": 536, "fields": {"contract": 5, "sales_breakdown_item": 2, "sales_breakdown_contract_definition": ""}}, {"model": "royalty_app.sales_breakdown_per_contract", "pk": 537, "fields": {"contract": 5, "sales_breakdown_item": 3, "sales_breakdown_contract_definition": ""}}, {"model": "royalty_app.sales_breakdown_per_contract", "pk": 538, "fields": {"contract": 5, "sales_breakdown_item": 4, "sales_breakdown_contract_definition": ""}}, {"model": "royalty_app.sales_breakdown_per_contract", "pk": 539, "fields": {"contract": 5, "sales_breakdown_item": 5, "sales_breakdown_contract_definition": ""}}, {"model": "royalty_app.sales_breakdown_per_contract", "pk": 540, "fields": {"contract": 5, "sales_breakdown_item": 6, "sales_breakdown_contract_definition": ""}}, {"model": "royalty_app.sales_breakdown_per_contract", "pk": 577, "fields": {"contract": 7, "sales_breakdown_item": 1, "sales_breakdown_contract_definition": "GROSS_SALES"}}, {"model": "royalty_app.sales_breakdown_per_contract", "pk": 578, "fields": {"contract": 7, "sales_breakdown_item": 2, "sales_breakdown_contract_definition": "DISCOUNT"}}, {"model": "royalty_app.sales_breakdown_per_contract", "pk": 579, "fields": {"contract": 7, "sales_breakdown_item": 3, "sales_breakdown_contract_definition": "DISCOUNT"}}, {"model": "royalty_app.sales_breakdown_per_contract", "pk": 580, "fields": {"contract": 7, "sales_breakdown_item": 4, "sales_breakdown_contract_definition": "ALLOWANCE"}}, {"model": "royalty_app.sales_breakdown_per_contract", "pk": 581, "fields": {"contract": 7, "sales_breakdown_item": 5, "sales_breakdown_contract_definition": "ALLOWANCE"}}, {"model": "royalty_app.sales_breakdown_per_contract", "pk": 582, "fields": {"contract": 7, "sales_breakdown_item": 6, "sales_breakdown_contract_definition": "DISCOUNT"}}, {"model": "royalty_app.sales_breakdown_per_contract", "pk": 594, "fields": {"contract": 3, "sales_breakdown_item": 6, "sales_breakdown_contract_definition": "REBATE"}}, {"model": "royalty_app.sales_breakdown_per_contract", "pk": 619, "fields": {"contract": 11, "sales_breakdown_item": 1, "sales_breakdown_contract_definition": "gross_sales"}}, {"model": "royalty_app.sales_breakdown_per_contract", "pk": 620, "fields": {"contract": 11, "sales_breakdown_item": 2, "sales_breakdown_contract_definition": "DISCOUNT"}}, {"model": "royalty_app.sales_breakdown_per_contract", "pk": 621, "fields": {"contract": 11, "sales_breakdown_item": 3, "sales_breakdown_contract_definition": "DISCOUNT"}}, {"model": "royalty_app.sales_breakdown_per_contract", "pk": 622, "fields": {"contract": 11, "sales_breakdown_item": 4, "sales_breakdown_contract_definition": "ALLOWANCE"}}, {"model": "royalty_app.sales_breakdown_per_contract", "pk": 623, "fields": {"contract": 11, "sales_breakdown_item": 5, "sales_breakdown_contract_definition": "ALLOWANCE"}}, {"model": "royalty_app.sales_breakdown_per_contract", "pk": 624, "fields": {"contract": 11, "sales_breakdown_item": 6, "sales_breakdown_contract_definition": "ALLOWANCE"}}, {"model": "royalty_app.sales_breakdown_per_contract", "pk": 625, "fields": {"contract": 68, "sales_breakdown_item": 1, "sales_breakdown_contract_definition": ""}}, {"model": "royalty_app.sales_breakdown_per_contract", "pk": 626, "fields": {"contract": 68, "sales_breakdown_item": 2, "sales_breakdown_contract_definition": ""}}, {"model": "royalty_app.sales_breakdown_per_contract", "pk": 627, "fields": {"contract": 68, "sales_breakdown_item": 3, "sales_breakdown_contract_definition": ""}}, {"model": "royalty_app.sales_breakdown_per_contract", "pk": 628, "fields": {"contract": 68, "sales_breakdown_item": 4, "sales_breakdown_contract_definition": ""}}, {"model": "royalty_app.sales_breakdown_per_contract", "pk": 629, "fields": {"contract": 68, "sales_breakdown_item": 5, "sales_breakdown_contract_definition": ""}}, {"model": "royalty_app.sales_breakdown_per_contract", "pk": 630, "fields": {"contract": 68, "sales_breakdown_item": 6, "sales_breakdown_contract_definition": ""}}, {"model": "royalty_app.sales_breakdown_per_contract", "pk": 674, "fields": {"contract": 69, "sales_breakdown_item": 2, "sales_breakdown_contract_definition": "DISCOUNT"}}, {"model": "royalty_app.sales_breakdown_per_contract", "pk": 783, "fields": {"contract": 6, "sales_breakdown_item": 1, "sales_breakdown_contract_definition": "GROSS_SALES"}}, {"model": "royalty_app.sales_breakdown_per_contract", "pk": 784, "fields": {"contract": 6, "sales_breakdown_item": 2, "sales_breakdown_contract_definition": "DISCOUNT"}}, {"model": "royalty_app.sales_breakdown_per_contract", "pk": 785, "fields": {"contract": 6, "sales_breakdown_item": 3, "sales_breakdown_contract_definition": "DISCOUNT"}}, {"model": "royalty_app.sales_breakdown_per_contract", "pk": 786, "fields": {"contract": 6, "sales_breakdown_item": 4, "sales_breakdown_contract_definition": "ALLOWANCE"}}, {"model": "royalty_app.sales_breakdown_per_contract", "pk": 787, "fields": {"contract": 6, "sales_breakdown_item": 5, "sales_breakdown_contract_definition": "ALLOWANCE"}}, {"model": "royalty_app.sales_breakdown_per_contract", "pk": 788, "fields": {"contract": 6, "sales_breakdown_item": 6, "sales_breakdown_contract_definition": "ALLOWANCE"}}, {"model": "royalty_app.sales_breakdown_per_contract", "pk": 789, "fields": {"contract": 70, "sales_breakdown_item": 2, "sales_breakdown_contract_definition": "DISCOUNT"}}, {"model": "royalty_app.sales_breakdown_per_contract", "pk": 846, "fields": {"contract": 8, "sales_breakdown_item": 2, "sales_breakdown_contract_definition": "DISCOUNT"}}, {"model": "royalty_app.sales_breakdown_per_contract", "pk": 847, "fields": {"contract": 8, "sales_breakdown_item": 3, "sales_breakdown_contract_definition": "DISCOUNT"}}, {"model": "royalty_app.sales_breakdown_per_contract", "pk": 848, "fields": {"contract": 73, "sales_breakdown_item": 1, "sales_breakdown_contract_definition": "GROSS_SALES"}}, {"model": "royalty_app.sales_breakdown_per_contract", "pk": 849, "fields": {"contract": 73, "sales_breakdown_item": 2, "sales_breakdown_contract_definition": "DISCOUNT"}}, {"model": "royalty_app.sales_breakdown_per_contract", "pk": 850, "fields": {"contract": 73, "sales_breakdown_item": 3, "sales_breakdown_contract_definition": "DISCOUNT"}}, {"model": "royalty_app.sales_breakdown_per_contract", "pk": 851, "fields": {"contract": 73, "sales_breakdown_item": 4, "sales_breakdown_contract_definition": "ALLOWANCE"}}, {"model": "royalty_app.sales_breakdown_per_contract", "pk": 852, "fields": {"contract": 73, "sales_breakdown_item": 5, "sales_breakdown_contract_definition": "ALLOWANCE"}}, {"model": "royalty_app.sales_breakdown_per_contract", "pk": 853, "fields": {"contract": 73, "sales_breakdown_item": 6, "sales_breakdown_contract_definition": "ALLOWANCE"}}, {"model": "royalty_app.sales_breakdown_per_contract", "pk": 854, "fields": {"contract": 73, "sales_breakdown_item": 7, "sales_breakdown_contract_definition": "NET SALES"}}, {"model": "royalty_app.sales_breakdown_per_contract", "pk": 855, "fields": {"contract": 75, "sales_breakdown_item": 2, "sales_breakdown_contract_definition": "DISCOUNT"}}, {"model": "royalty_app.sales_breakdown_per_contract", "pk": 856, "fields": {"contract": 75, "sales_breakdown_item": 3, "sales_breakdown_contract_definition": "DISCOUNT"}}, {"model": "royalty_app.rule", "pk": 221, "fields": {"contract": 2, "rule_type": "ROYALTY", "country_incl_excl": "EXCLUDE", "country_list": "AFG,  AUS", "field_type": "RATE", "period_from": "1900-01-01", "period_to": "2100-01-01", "tranche_type": "NO", "rate_value": 10.0, "qty_value": 0.0, "tranche_currency": "USD", "qty_value_currency": "USD", "formulation": ["F000002"], "country": ["AFG"]}}, {"model": "royalty_app.rule", "pk": 493, "fields": {"contract": 1, "rule_type": "ROYALTY", "country_incl_excl": "INCLUDE", "country_list": "USA", "field_type": "RATE", "period_from": "1900-01-01", "period_to": "2100-01-01", "tranche_type": "YES", "rate_value": 10.0, "qty_value": 0.0, "tranche_currency": "EUR", "qty_value_currency": "USD", "formulation": ["F000001"], "country": ["USA"]}}, {"model": "royalty_app.rule", "pk": 494, "fields": {"contract": 1, "rule_type": "ROYALTY", "country_incl_excl": "EXCLUDE", "country_list": "USA", "field_type": "RATE", "period_from": "1900-01-01", "period_to": "2100-01-01", "tranche_type": "NO", "rate_value": 12.0, "qty_value": 0.0, "tranche_currency": "USD", "qty_value_currency": "USD", "formulation": ["F000001"], "country": ["USA"]}}, {"model": "royalty_app.rule", "pk": 552, "fields": {"contract": 5, "rule_type": "ROYALTY", "country_incl_excl": "EXCLUDE", "country_list": "CHN", "field_type": "RATE", "period_from": "2018-01-01", "period_to": "2050-01-01", "tranche_type": "YES", "rate_value": 20.0, "qty_value": 0.0, "tranche_currency": "USD", "qty_value_currency": "USD", "formulation": ["F000008", "F000007"], "country": ["CHN"]}}, {"model": "royalty_app.rule", "pk": 571, "fields": {"contract": 7, "rule_type": "ROYALTY", "country_incl_excl": "INCLUDE", "country_list": "AFG, AUS, CADR, CHN, HKG, IDN, IND, JPN, KAZ, KGZ, KHM, KOR, MYS, NZL, PAK, PHL, SGP, THA, TWN, VNM", "field_type": "RATE", "period_from": "2018-01-01", "period_to": "2030-01-01", "tranche_type": "NO", "rate_value": 8.0, "qty_value": 0.0, "tranche_currency": "USD", "qty_value_currency": "USD", "formulation": ["F000010", "F000009"], "country": ["AFG", "AUS", "CADR", "CHN", "HKG", "IDN", "IND", "JPN", "KAZ", "KGZ", "KHM", "KOR", "MYS", "NZL", "PAK", "PHL", "SGP", "THA", "TWN", "VNM"]}}, {"model": "royalty_app.rule", "pk": 572, "fields": {"contract": 7, "rule_type": "ROYALTY", "country_incl_excl": "EXCLUDE", "country_list": "---", "field_type": "RATE", "period_from": "1900-01-01", "period_to": "2100-01-01", "tranche_type": "NO", "rate_value": 0.0, "qty_value": 0.0, "tranche_currency": "USD", "qty_value_currency": "USD", "formulation": ["F000001"], "country": []}}, {"model": "royalty_app.rule", "pk": 575, "fields": {"contract": 3, "rule_type": "ROYALTY", "country_incl_excl": "INCLUDE", "country_list": "CAN", "field_type": "QTY", "period_from": "1900-01-01", "period_to": "2100-01-01", "tranche_type": "NO", "rate_value": 0.0, "qty_value": 10.0, "tranche_currency": "USD", "qty_value_currency": "CAD", "formulation": ["F000004"], "country": ["CAN"]}}, {"model": "royalty_app.rule", "pk": 576, "fields": {"contract": 3, "rule_type": "ROYALTY", "country_incl_excl": "EXCLUDE", "country_list": "USA,    CAN", "field_type": "RATE", "period_from": "1900-01-01", "period_to": "2100-01-01", "tranche_type": "NO", "rate_value": 10.0, "qty_value": 0.0, "tranche_currency": "USD", "qty_value_currency": "USD", "formulation": ["F000003", "F000004"], "country": ["USA"]}}, {"model": "royalty_app.rule", "pk": 577, "fields": {"contract": 3, "rule_type": "ROYALTY", "country_incl_excl": "INCLUDE", "country_list": "USA", "field_type": "RATE", "period_from": "1900-01-01", "period_to": "2100-01-01", "tranche_type": "YES", "rate_value": 10.0, "qty_value": 0.0, "tranche_currency": "USD", "qty_value_currency": "USD", "formulation": ["F000003", "F000004"], "country": ["USA"]}}, {"model": "royalty_app.rule", "pk": 596, "fields": {"contract": 11, "rule_type": "ROYALTY", "country_incl_excl": "EXCLUDE", "country_list": "CAN, USA, MEX", "field_type": "RATE", "period_from": "1900-01-01", "period_to": "2100-01-01", "tranche_type": "NO", "rate_value": 10.0, "qty_value": 0.0, "tranche_currency": "USD", "qty_value_currency": "USD", "formulation": ["F000001", "F000002"], "country": ["CAN", "MEX", "USA"]}}, {"model": "royalty_app.rule", "pk": 597, "fields": {"contract": 11, "rule_type": "ROYALTY", "country_incl_excl": "INCLUDE", "country_list": "MEX", "field_type": "QTY", "period_from": "1900-01-01", "period_to": "2100-01-01", "tranche_type": "NO", "rate_value": 0.0, "qty_value": 10.0, "tranche_currency": "USD", "qty_value_currency": "MXN", "formulation": ["F000002"], "country": ["MEX"]}}, {"model": "royalty_app.rule", "pk": 598, "fields": {"contract": 11, "rule_type": "ROYALTY", "country_incl_excl": "INCLUDE", "country_list": "USA", "field_type": "RATE", "period_from": "1900-01-01", "period_to": "2100-01-01", "tranche_type": "NO", "rate_value": 10.0, "qty_value": 0.0, "tranche_currency": "USD", "qty_value_currency": "USD", "formulation": ["F000001"], "country": ["USA"]}}, {"model": "royalty_app.rule", "pk": 599, "fields": {"contract": 11, "rule_type": "ROYALTY", "country_incl_excl": "INCLUDE", "country_list": "CAN", "field_type": "RATE", "period_from": "1900-01-01", "period_to": "2100-01-01", "tranche_type": "YES", "rate_value": 5.0, "qty_value": 0.0, "tranche_currency": "CAD", "qty_value_currency": "USD", "formulation": ["F000001"], "country": ["CAN"]}}, {"model": "royalty_app.rule", "pk": 623, "fields": {"contract": 69, "rule_type": "ROYALTY", "country_incl_excl": "EXCLUDE", "country_list": "---", "field_type": "RATE", "period_from": "1900-01-01", "period_to": "2100-01-01", "tranche_type": "NO", "rate_value": 10.0, "qty_value": 0.0, "tranche_currency": "AUD", "qty_value_currency": "AUD", "formulation": ["F000001"], "country": []}}, {"model": "royalty_app.rule", "pk": 648, "fields": {"contract": 6, "rule_type": "ROYALTY", "country_incl_excl": "EXCLUDE", "country_list": "---", "field_type": "RATE", "period_from": "1900-01-01", "period_to": "2200-12-31", "tranche_type": "YES", "rate_value": 10.0, "qty_value": 0.0, "tranche_currency": "GBP", "qty_value_currency": "GBP", "formulation": ["F000001", "F000002"], "country": []}}, {"model": "royalty_app.rule", "pk": 649, "fields": {"contract": 6, "rule_type": "ROYALTY", "country_incl_excl": "EXCLUDE", "country_list": "AFG, AUS, CADR, CHN, HKG, IDN, IND, JPN, KAZ, KGZ, KHM, KOR, MYS, NZL, PAK, PHL, SGP, THA, TWN, VNM", "field_type": "RATE", "period_from": "1900-01-01", "period_to": "2200-12-31", "tranche_type": "NO", "rate_value": 0.0, "qty_value": 0.0, "tranche_currency": "GBP", "qty_value_currency": "GBP", "formulation": ["F000001"], "country": ["AFG", "AUS", "CADR", "CHN", "HKG", "IDN", "IND", "JPN", "KAZ", "KGZ", "KHM", "KOR", "MYS", "NZL", "PAK", "PHL", "SGP", "THA", "TWN", "VNM"]}}, {"model": "royalty_app.rule", "pk": 650, "fields": {"contract": 70, "rule_type": "ROYALTY", "country_incl_excl": "EXCLUDE", "country_list": "---", "field_type": "RATE", "period_from": "1900-01-01", "period_to": "2100-01-01", "tranche_type": "NO", "rate_value": 10.0, "qty_value": 0.0, "tranche_currency": "AUD", "qty_value_currency": "AUD", "formulation": ["F000001"], "country": []}}, {"model": "royalty_app.rule", "pk": 662, "fields": {"contract": 71, "rule_type": "ROYALTY", "country_incl_excl": "INCLUDE", "country_list": "USA", "field_type": "RATE", "period_from": "1900-01-01", "period_to": "2100-01-01", "tranche_type": "YES", "rate_value": 10.0, "qty_value": 0.0, "tranche_currency": "EUR", "qty_value_currency": "USD", "formulation": ["F000001"], "country": ["USA"]}}, {"model": "royalty_app.rule", "pk": 663, "fields": {"contract": 71, "rule_type": "ROYALTY", "country_incl_excl": "EXCLUDE", "country_list": "USA", "field_type": "RATE", "period_from": "1900-01-01", "period_to": "2100-01-01", "tranche_type": "NO", "rate_value": 12.0, "qty_value": 0.0, "tranche_currency": "USD", "qty_value_currency": "USD", "formulation": ["F000001"], "country": ["USA"]}}, {"model": "royalty_app.rule", "pk": 813, "fields": {"contract": 8, "rule_type": "SALES", "country_incl_excl": "INCLUDE", "country_list": "AUS", "field_type": "RATE", "period_from": "1900-01-01", "period_to": "2200-12-31", "tranche_type": "NO", "rate_value": 100.0, "qty_value": 0.0, "tranche_currency": "AUD", "qty_value_currency": "AUD", "formulation": ["F000001"], "country": ["AUS"]}}, {"model": "royalty_app.rule", "pk": 814, "fields": {"contract": 8, "rule_type": "COGS", "country_incl_excl": "INCLUDE", "country_list": "AUS", "field_type": "QTY", "period_from": "1900-01-01", "period_to": "2200-12-31", "tranche_type": "NO", "rate_value": 0.0, "qty_value": -1.0, "tranche_currency": "AUD", "qty_value_currency": "AUD", "formulation": ["F000001"], "country": ["AUS"]}}, {"model": "royalty_app.rule", "pk": 815, "fields": {"contract": 8, "rule_type": "MARGIN", "country_incl_excl": "INCLUDE", "country_list": "AUS", "field_type": "RATE", "period_from": "1900-01-01", "period_to": "2200-12-31", "tranche_type": "YES", "rate_value": -55.0, "qty_value": 0.0, "tranche_currency": "AUD", "qty_value_currency": "AUD", "formulation": ["F000001"], "country": ["AUS"]}}, {"model": "royalty_app.rule", "pk": 816, "fields": {"contract": 8, "rule_type": "ROYALTY", "country_incl_excl": "INCLUDE", "country_list": "AUS", "field_type": "RATE", "period_from": "1900-01-01", "period_to": "2200-12-31", "tranche_type": "YES", "rate_value": -10.0, "qty_value": 0.0, "tranche_currency": "AUD", "qty_value_currency": "AUD", "formulation": ["F000001"], "country": ["AUS"]}}, {"model": "royalty_app.rule", "pk": 817, "fields": {"contract": 73, "rule_type": "ROYALTY", "country_incl_excl": "EXCLUDE", "country_list": "---", "field_type": "RATE", "period_from": "1900-01-01", "period_to": "2200-12-31", "tranche_type": "YES", "rate_value": 10.0, "qty_value": 0.0, "tranche_currency": "GBP", "qty_value_currency": "GBP", "formulation": ["F000001", "F000002"], "country": []}}, {"model": "royalty_app.rule", "pk": 818, "fields": {"contract": 73, "rule_type": "ROYALTY", "country_incl_excl": "EXCLUDE", "country_list": "AFG, AUS, CADR, CHN, HKG, IDN, IND, JPN, KAZ, KGZ, KHM, KOR, MYS, NZL, PAK, PHL, SGP, THA, TWN, VNM", "field_type": "RATE", "period_from": "1900-01-01", "period_to": "2200-12-31", "tranche_type": "NO", "rate_value": 0.0, "qty_value": 0.0, "tranche_currency": "GBP", "qty_value_currency": "GBP", "formulation": ["F000001"], "country": ["AFG", "AUS", "CADR", "CHN", "HKG", "IDN", "IND", "JPN", "KAZ", "KGZ", "KHM", "KOR", "MYS", "NZL", "PAK", "PHL", "SGP", "THA", "TWN", "VNM"]}}, {"model": "royalty_app.rule", "pk": 819, "fields": {"contract": 74, "rule_type": "ROYALTY", "country_incl_excl": "INCLUDE", "country_list": "AFG, AUS, CADR, CHN, HKG, IDN", "field_type": "RATE", "period_from": "1900-01-01", "period_to": "2200-12-31", "tranche_type": "NO", "rate_value": 0.0, "qty_value": 0.0, "tranche_currency": "ARS", "qty_value_currency": "ARS", "formulation": ["F000001", "F000002", "F000004", "F000003"], "country": ["AFG", "AUS", "CADR", "CHN", "HKG", "IDN"]}}, {"model": "royalty_app.rule", "pk": 820, "fields": {"contract": 75, "rule_type": "SALES", "country_incl_excl": "INCLUDE", "country_list": "CADR", "field_type": "RATE", "period_from": "1900-01-01", "period_to": "2200-12-31", "tranche_type": "NO", "rate_value": 100.0, "qty_value": 0.0, "tranche_currency": "AUD", "qty_value_currency": "AUD", "formulation": ["F000001"], "country": ["CADR"]}}, {"model": "royalty_app.rule", "pk": 821, "fields": {"contract": 75, "rule_type": "SALES", "country_incl_excl": "INCLUDE", "country_list": "AFG, AUS, CADR", "field_type": "RATE", "period_from": "1900-01-01", "period_to": "2200-12-31", "tranche_type": "NO", "rate_value": 100.0, "qty_value": 0.0, "tranche_currency": "AUD", "qty_value_currency": "AUD", "formulation": ["F000002", "F000003", "F000004", "F000007", "F000005", "F000001"], "country": ["AFG", "CADR", "AUS"]}}, {"model": "royalty_app.rule", "pk": 822, "fields": {"contract": 75, "rule_type": "COGS", "country_incl_excl": "INCLUDE", "country_list": "AUS", "field_type": "QTY", "period_from": "1900-01-01", "period_to": "2200-12-31", "tranche_type": "NO", "rate_value": 0.0, "qty_value": -1.0, "tranche_currency": "AUD", "qty_value_currency": "AUD", "formulation": ["F000001"], "country": ["AUS"]}}, {"model": "royalty_app.rule", "pk": 823, "fields": {"contract": 75, "rule_type": "MARGIN", "country_incl_excl": "INCLUDE", "country_list": "AUS", "field_type": "RATE", "period_from": "1900-01-01", "period_to": "2200-12-31", "tranche_type": "YES", "rate_value": -55.0, "qty_value": 0.0, "tranche_currency": "AUD", "qty_value_currency": "AUD", "formulation": ["F000001"], "country": ["AUS"]}}, {"model": "royalty_app.rule", "pk": 824, "fields": {"contract": 75, "rule_type": "ROYALTY", "country_incl_excl": "INCLUDE", "country_list": "AUS", "field_type": "RATE", "period_from": "1900-01-01", "period_to": "2200-12-31", "tranche_type": "YES", "rate_value": -10.0, "qty_value": 0.0, "tranche_currency": "AUD", "qty_value_currency": "AUD", "formulation": ["F000001"], "country": ["AUS"]}}, {"model": "royalty_app.contract_file", "pk": 50, "fields": {"name": "Pliant.pdf", "contract": 2, "upload": "contracts/Pliant.pdf"}}, {"model": "royalty_app.contract_file", "pk": 149, "fields": {"name": "Novartis AG (NYSE_NVS), (RTRX) - Retrophin Signs US License Agreement for Syntocinon Nasal Spray with Novartis _ Benzinga.pdf", "contract": 5, "upload": "contracts/Novartis_AG_NYSE_NVS_RTRX_-_Retrophin_Signs_US_License_Agreement_for_Syntocino_78Tdf5U.pdf"}}, {"model": "royalty_app.contract_file", "pk": 151, "fields": {"name": "CV.pdf", "contract": 5, "upload": "contracts/CV_VrSNZRw.pdf"}}, {"model": "royalty_app.contract_file", "pk": 159, "fields": {"name": "Xoma clears debt with Novartis licensing deal _ BioPharma Dive.pdf", "contract": 6, "upload": "contracts/Xoma_clears_debt_with_Novartis_licensing_deal___BioPharma_Dive_4gHjHHC.pdf"}}, {"model": "royalty_app.contract_file", "pk": 160, "fields": {"name": "LICENSE AGREEMENT between NOVARTIS PHARMA AG NOVARTIS AG and RETROPHIN... _ Law Insider.pdf", "contract": 6, "upload": "contracts/LICENSE_AGREEMENT_between_NOVARTIS_PHARMA_AG_NOVARTIS_AG_and_RETROPHIN...___La_ts4Lucf.pdf"}}, {"model": "royalty_app.contract_file", "pk": 166, "fields": {"name": "Cover Letter.pdf", "contract": 11, "upload": "contracts/Cover_Letter_5Q0pA63.pdf"}}, {"model": "royalty_app.contract_file", "pk": 168, "fields": {"name": "Maisonnave Pierre, CV.pdf", "contract": 69, "upload": "contracts/Maisonnave_Pierre_CV_KqS1zgU.pdf"}}, {"model": "royalty_app.contract_file", "pk": 169, "fields": {"name": "CV MAISONNAVE Pierre.pdf", "contract": 69, "upload": "contracts/CV_MAISONNAVE_Pierre.pdf"}}, {"model": "royalty_app.contract_file", "pk": 170, "fields": {"name": "CV pierre maisonnave.pdf", "contract": 6, "upload": "contracts/CV_pierre_maisonnave.pdf"}}, {"model": "royalty_app.contract_file", "pk": 171, "fields": {"name": "Maisonnave Pierre, CV.pdf", "contract": 70, "upload": "contracts/Maisonnave_Pierre_CV_0zpv0iq.pdf"}}, {"model": "royalty_app.contract_file", "pk": 172, "fields": {"name": "CV MAISONNAVE Pierre.pdf", "contract": 70, "upload": "contracts/CV_MAISONNAVE_Pierre_tR3DKhp.pdf"}}, {"model": "royalty_app.contract_file", "pk": 173, "fields": {"name": "Maisonnave Pierre, CV.pdf", "contract": 8, "upload": "contracts/Maisonnave_Pierre_CV_XE16Fmc.pdf"}}, {"model": "royalty_app.contract_file", "pk": 174, "fields": {"name": "Xoma clears debt with Novartis licensing deal _ BioPharma Dive.pdf", "contract": 73, "upload": "contracts/Xoma_clears_debt_with_Novartis_licensing_deal___BioPharma_Dive.pdf"}}, {"model": "royalty_app.contract_file", "pk": 175, "fields": {"name": "LICENSE AGREEMENT between NOVARTIS PHARMA AG NOVARTIS AG and RETROPHIN... _ Law Insider.pdf", "contract": 73, "upload": "contracts/LICENSE_AGREEMENT_between_NOVARTIS_PHARMA_AG_NOVARTIS_AG_and_RETROPHIN...___La_0GCCwiJ.pdf"}}, {"model": "royalty_app.contract_file", "pk": 176, "fields": {"name": "CV pierre maisonnave.pdf", "contract": 73, "upload": "contracts/CV_pierre_maisonnave_5bGhkwa.pdf"}}, {"model": "royalty_app.contract_file", "pk": 177, "fields": {"name": "Maisonnave Pierre, CV.pdf", "contract": 75, "upload": "contracts/Maisonnave_Pierre_CV.pdf"}}, {"model": "royalty_app.contract_partner", "pk": 55, "fields": {"contract": 2, "partner": 5, "percentage": 100.0}}, {"model": "royalty_app.contract_partner", "pk": 254, "fields": {"contract": 1, "partner": 3, "percentage": 100.0}}, {"model": "royalty_app.contract_partner", "pk": 284, "fields": {"contract": 5, "partner": 1, "percentage": 20.0}}, {"model": "royalty_app.contract_partner", "pk": 285, "fields": {"contract": 5, "partner": 4, "percentage": 80.0}}, {"model": "royalty_app.contract_partner", "pk": 293, "fields": {"contract": 7, "partner": 2, "percentage": 100.0}}, {"model": "royalty_app.contract_partner", "pk": 296, "fields": {"contract": 3, "partner": 23, "percentage": 100.0}}, {"model": "royalty_app.contract_partner", "pk": 301, "fields": {"contract": 11, "partner": 8, "percentage": 100.0}}, {"model": "royalty_app.contract_partner", "pk": 302, "fields": {"contract": 68, "partner": 8, "percentage": 100.0}}, {"model": "royalty_app.contract_partner", "pk": 331, "fields": {"contract": 69, "partner": 7, "percentage": 100.0}}, {"model": "royalty_app.contract_partner", "pk": 368, "fields": {"contract": 6, "partner": 7, "percentage": 10.0}}, {"model": "royalty_app.contract_partner", "pk": 369, "fields": {"contract": 6, "partner": 8, "percentage": 90.0}}, {"model": "royalty_app.contract_partner", "pk": 370, "fields": {"contract": 70, "partner": 7, "percentage": 100.0}}, {"model": "royalty_app.contract_partner", "pk": 381, "fields": {"contract": 71, "partner": 3, "percentage": 100.0}}, {"model": "royalty_app.contract_partner", "pk": 429, "fields": {"contract": 8, "partner": 8, "percentage": 100.0}}, {"model": "royalty_app.contract_partner", "pk": 430, "fields": {"contract": 73, "partner": 7, "percentage": 10.0}}, {"model": "royalty_app.contract_partner", "pk": 431, "fields": {"contract": 73, "partner": 8, "percentage": 90.0}}, {"model": "royalty_app.contract_partner", "pk": 432, "fields": {"contract": 74, "partner": 8, "percentage": 100.0}}, {"model": "royalty_app.contract_partner", "pk": 433, "fields": {"contract": 75, "partner": 8, "percentage": 100.0}}, {"model": "royalty_app.tranche", "pk": 474, "fields": {"rule": 493, "from_amount": 0.0, "to_amount": 150000000.0, "percentage": 10.0}}, {"model": "royalty_app.tranche", "pk": 475, "fields": {"rule": 493, "from_amount": 150000000.0, "to_amount": 0.0, "percentage": 2.0}}, {"model": "royalty_app.tranche", "pk": 515, "fields": {"rule": 552, "from_amount": 0.0, "to_amount": 20000000.0, "percentage": 20.0}}, {"model": "royalty_app.tranche", "pk": 516, "fields": {"rule": 552, "from_amount": 20000000.0, "to_amount": 50000000.0, "percentage": 15.0}}, {"model": "royalty_app.tranche", "pk": 517, "fields": {"rule": 552, "from_amount": 50000000.0, "to_amount": 0.0, "percentage": 10.0}}, {"model": "royalty_app.tranche", "pk": 530, "fields": {"rule": 577, "from_amount": 0.0, "to_amount": 10000000.0, "percentage": 10.0}}, {"model": "royalty_app.tranche", "pk": 531, "fields": {"rule": 577, "from_amount": 10000000.0, "to_amount": 0.0, "percentage": 15.0}}, {"model": "royalty_app.tranche", "pk": 543, "fields": {"rule": 599, "from_amount": 0.0, "to_amount": 10000000.0, "percentage": 5.0}}, {"model": "royalty_app.tranche", "pk": 544, "fields": {"rule": 599, "from_amount": 10000000.0, "to_amount": 20000000.0, "percentage": 4.0}}, {"model": "royalty_app.tranche", "pk": 545, "fields": {"rule": 599, "from_amount": 20000000.0, "to_amount": 0.0, "percentage": 3.0}}, {"model": "royalty_app.tranche", "pk": 552, "fields": {"rule": 648, "from_amount": 0.0, "to_amount": 15000000.0, "percentage": 10.0}}, {"model": "royalty_app.tranche", "pk": 553, "fields": {"rule": 648, "from_amount": 15000000.0, "to_amount": 0.0, "percentage": 5.0}}, {"model": "royalty_app.tranche", "pk": 560, "fields": {"rule": 662, "from_amount": 0.0, "to_amount": 150000000.0, "percentage": 10.0}}, {"model": "royalty_app.tranche", "pk": 561, "fields": {"rule": 662, "from_amount": 150000000.0, "to_amount": 0.0, "percentage": 2.0}}, {"model": "royalty_app.tranche", "pk": 620, "fields": {"rule": 815, "from_amount": 0.0, "to_amount": 150000000.0, "percentage": -55.0}}, {"model": "royalty_app.tranche", "pk": 621, "fields": {"rule": 815, "from_amount": 150000000.0, "to_amount": 200000000.0, "percentage": -60.0}}, {"model": "royalty_app.tranche", "pk": 622, "fields": {"rule": 815, "from_amount": 200000000.0, "to_amount": 0.0, "percentage": -70.0}}, {"model": "royalty_app.tranche", "pk": 623, "fields": {"rule": 816, "from_amount": 0.0, "to_amount": 150000000.0, "percentage": -10.0}}, {"model": "royalty_app.tranche", "pk": 624, "fields": {"rule": 816, "from_amount": 150000000.0, "to_amount": 200000000.0, "percentage": -5.0}}, {"model": "royalty_app.tranche", "pk": 625, "fields": {"rule": 816, "from_amount": 200000000.0, "to_amount": 0.0, "percentage": -2.0}}, {"model": "royalty_app.tranche", "pk": 626, "fields": {"rule": 817, "from_amount": 0.0, "to_amount": 15000000.0, "percentage": 10.0}}, {"model": "royalty_app.tranche", "pk": 627, "fields": {"rule": 817, "from_amount": 15000000.0, "to_amount": 0.0, "percentage": 5.0}}, {"model": "royalty_app.tranche", "pk": 628, "fields": {"rule": 823, "from_amount": 0.0, "to_amount": 150000000.0, "percentage": -55.0}}, {"model": "royalty_app.tranche", "pk": 629, "fields": {"rule": 823, "from_amount": 150000000.0, "to_amount": 200000000.0, "percentage": -60.0}}, {"model": "royalty_app.tranche", "pk": 630, "fields": {"rule": 823, "from_amount": 200000000.0, "to_amount": 0.0, "percentage": -70.0}}, {"model": "royalty_app.tranche", "pk": 631, "fields": {"rule": 824, "from_amount": 0.0, "to_amount": 150000000.0, "percentage": -10.0}}, {"model": "royalty_app.tranche", "pk": 632, "fields": {"rule": 824, "from_amount": 150000000.0, "to_amount": 200000000.0, "percentage": -5.0}}, {"model": "royalty_app.tranche", "pk": 633, "fields": {"rule": 824, "from_amount": 200000000.0, "to_amount": 0.0, "percentage": -2.0}}, {"model": "royalty_app.consolidation_currency", "pk": 1, "fields": {"currency": "USD"}}, {"model": "royalty_app.accounting", "pk": 1, "fields": {"contract_type": 1, "transaction_direction": "REC", "account_nb": "15000000", "cost_center_acc": "", "market_acc": "", "pl_bs": "BS", "d_c_if_amount_positiv": "D"}}, {"model": "royalty_app.accounting", "pk": 2, "fields": {"contract_type": 1, "transaction_direction": "REC", "account_nb": "32000000", "cost_center_acc": "OPC00000", "market_acc": "CHE", "pl_bs": "PL", "d_c_if_amount_positiv": "C"}}, {"model": "royalty_app.accounting", "pk": 3, "fields": {"contract_type": 1, "transaction_direction": "PAY", "account_nb": "24000000", "cost_center_acc": "", "market_acc": "", "pl_bs": "BS", "d_c_if_amount_positiv": "C"}}, {"model": "royalty_app.accounting", "pk": 4, "fields": {"contract_type": 1, "transaction_direction": "PAY", "account_nb": "45000000", "cost_center_acc": "COC00000", "market_acc": "CHE", "pl_bs": "PL", "d_c_if_amount_positiv": "D"}}, {"model": "royalty_app.accounting", "pk": 5, "fields": {"contract_type": 2, "transaction_direction": "REC", "account_nb": "", "cost_center_acc": "", "market_acc": "", "pl_bs": "BS", "d_c_if_amount_positiv": "D"}}, {"model": "royalty_app.accounting", "pk": 6, "fields": {"contract_type": 2, "transaction_direction": "REC", "account_nb": "", "cost_center_acc": "", "market_acc": "SPLIT", "pl_bs": "PL", "d_c_if_amount_positiv": "C"}}, {"model": "royalty_app.accounting", "pk": 7, "fields": {"contract_type": 2, "transaction_direction": "PAY", "account_nb": "23000000", "cost_center_acc": "", "market_acc": "", "pl_bs": "BS", "d_c_if_amount_positiv": "C"}}, {"model": "royalty_app.accounting", "pk": 8, "fields": {"contract_type": 2, "transaction_direction": "PAY", "account_nb": "41000000", "cost_center_acc": "COB00000", "market_acc": "SPLIT", "pl_bs": "PL", "d_c_if_amount_positiv": "D"}}]
